run_id,timestamp,scenario,dataset,model,attack,attack_mode,intensity,seed,n_clients,partition,rounds,clean_accuracy,attacked_accuracy,accuracy_drop_pp,attack_success_rate,balanced_accuracy,positive_recall,f1,train_seconds,git_commit,config_hash
db5855788716,2026-09-08T00:53:23+00:00,s1,breast_cancer,logistic_regression,poisoning,symmetric,0.000000,0,,,,0.973684,0.973684,0.000000,,0.969246,0.952381,0.963855,0.024123,d2aeab4,50d3ffe794f9
13bce34c3a9a,2026-09-08T00:53:23+00:00,s1,breast_cancer,logistic_regression,poisoning,symmetric,0.000000,1,,,,0.982456,0.982456,0.000000,,0.981151,0.976190,0.976190,0.014800,d2aeab4,50d3ffe794f9
0768c7202f4f,2026-09-08T00:53:23+00:00,s1,breast_cancer,logistic_regression,poisoning,symmetric,0.000000,2,,,,0.964912,0.964912,0.000000,,0.962302,0.952381,0.952381,0.018609,d2aeab4,50d3ffe794f9
4ac643c31a63,2026-09-08T00:53:23+00:00,s1,breast_cancer,logistic_regression,poisoning,symmetric,0.000000,3,,,,0.991228,0.991228,0.000000,,0.988095,0.976190,0.987952,0.018911,d2aeab4,50d3ffe794f9
54550de7ae9f,2026-09-08T00:53:23+00:00,s1,breast_cancer,logistic_regression,poisoning,symmetric,0.000000,4,,,,0.938596,0.938596,0.000000,,0.916667,0.833333,0.909091,0.018363,d2aeab4,50d3ffe794f9
88fd9bc2f164,2026-09-08T00:53:23+00:00,s1,breast_cancer,logistic_regression,poisoning,symmetric,0.050000,0,,,,0.973684,0.929825,4.385965,,0.924603,0.904762,0.904762,0.024173,d2aeab4,e66eb67970e4
56b9bb21c8a2,2026-09-08T00:53:23+00:00,s1,breast_cancer,logistic_regression,poisoning,symmetric,0.050000,1,,,,0.982456,0.964912,1.754386,,0.962302,0.952381,0.952381,0.027766,d2aeab4,e66eb67970e4
f5e9a2607b4a,2026-09-08T00:53:23+00:00,s1,breast_cancer,logistic_regression,poisoning,symmetric,0.050000,2,,,,0.964912,0.938596,2.631579,,0.931548,0.904762,0.915663,0.025059,d2aeab4,e66eb67970e4
7d6c0179d4bf,2026-09-08T00:53:23+00:00,s1,breast_cancer,logistic_regression,poisoning,symmetric,0.050000,3,,,,0.991228,0.973684,1.754386,,0.964286,0.928571,0.962963,0.024773,d2aeab4,e66eb67970e4
e0af32c01381,2026-09-08T00:53:23+00:00,s1,breast_cancer,logistic_regression,poisoning,symmetric,0.050000,4,,,,0.938596,0.947368,-0.877193,,0.928571,0.857143,0.923077,0.024280,d2aeab4,e66eb67970e4
3c332f5de1ae,2026-09-08T00:53:23+00:00,s1,breast_cancer,logistic_regression,poisoning,symmetric,0.100000,0,,,,0.973684,0.964912,0.877193,,0.957341,0.928571,0.951220,0.027830,d2aeab4,300b51ab1860
3e7da71a2d61,2026-09-08T00:53:23+00:00,s1,breast_cancer,logistic_regression,poisoning,symmetric,0.100000,1,,,,0.982456,0.956140,2.631579,,0.950397,0.928571,0.939759,0.024667,d2aeab4,300b51ab1860
3c4c1eaf8f9b,2026-09-08T00:53:23+00:00,s1,breast_cancer,logistic_regression,poisoning,symmetric,0.100000,2,,,,0.964912,0.938596,2.631579,,0.926587,0.880952,0.913580,0.041476,d2aeab4,300b51ab1860
8c0d69b143ba,2026-09-08T00:53:23+00:00,s1,breast_cancer,logistic_regression,poisoning,symmetric,0.100000,3,,,,0.991228,0.964912,2.631579,,0.957341,0.928571,0.951220,0.024902,d2aeab4,300b51ab1860
c887f66a9d7a,2026-09-08T00:53:23+00:00,s1,breast_cancer,logistic_regression,poisoning,symmetric,0.100000,4,,,,0.938596,0.921053,1.754386,,0.892857,0.785714,0.880000,0.025076,d2aeab4,300b51ab1860
f731fffc395e,2026-09-08T00:53:23+00:00,s1,breast_cancer,logistic_regression,poisoning,symmetric,0.200000,0,,,,0.973684,0.956140,1.754386,,0.950397,0.928571,0.939759,0.026742,d2aeab4,1318afaa2088
8a13ba067973,2026-09-08T00:53:23+00:00,s1,breast_cancer,logistic_regression,poisoning,symmetric,0.200000,1,,,,0.982456,0.903509,7.894737,,0.898810,0.880952,0.870588,0.022051,d2aeab4,1318afaa2088
85ada6ebe4fb,2026-09-08T00:53:23+00:00,s1,breast_cancer,logistic_regression,poisoning,symmetric,0.200000,2,,,,0.964912,0.903509,6.140351,,0.893849,0.857143,0.867470,0.026131,d2aeab4,1318afaa2088
fe718659e0a1,2026-09-08T00:53:23+00:00,s1,breast_cancer,logistic_regression,poisoning,symmetric,0.200000,3,,,,0.991228,0.964912,2.631579,,0.952381,0.904762,0.950000,0.023606,d2aeab4,1318afaa2088
1c9d91c60353,2026-09-08T00:53:24+00:00,s1,breast_cancer,logistic_regression,poisoning,symmetric,0.200000,4,,,,0.938596,0.921053,1.754386,,0.902778,0.833333,0.886076,0.026193,d2aeab4,1318afaa2088
9d10e8138807,2026-09-08T00:53:24+00:00,s1,breast_cancer,logistic_regression,poisoning,symmetric,0.300000,0,,,,0.973684,0.903509,7.017544,,0.893849,0.857143,0.867470,0.022652,d2aeab4,91de3756ff88
c52768f6236f,2026-09-08T00:53:24+00:00,s1,breast_cancer,logistic_regression,poisoning,symmetric,0.300000,1,,,,0.982456,0.859649,12.280702,,0.854167,0.833333,0.813953,0.027368,d2aeab4,91de3756ff88
45ebff174111,2026-09-08T00:53:24+00:00,s1,breast_cancer,logistic_regression,poisoning,symmetric,0.300000,2,,,,0.964912,0.877193,8.771930,,0.858135,0.785714,0.825000,0.025703,d2aeab4,91de3756ff88
f67dbf301725,2026-09-08T00:53:24+00:00,s1,breast_cancer,logistic_regression,poisoning,symmetric,0.300000,3,,,,0.991228,0.894737,9.649123,,0.872024,0.785714,0.846154,0.024774,d2aeab4,91de3756ff88
7962f79d506a,2026-09-08T00:53:24+00:00,s1,breast_cancer,logistic_regression,poisoning,symmetric,0.300000,4,,,,0.938596,0.903509,3.508772,,0.878968,0.785714,0.857143,0.023369,d2aeab4,91de3756ff88
16975d61c7c7,2026-09-08T00:53:24+00:00,s1,breast_cancer,logistic_regression,poisoning,symmetric,0.400000,0,,,,0.973684,0.736842,23.684211,,0.732143,0.714286,0.666667,0.026694,d2aeab4,b3a7b06d37ec
89719f74ec8e,2026-09-08T00:53:24+00:00,s1,breast_cancer,logistic_regression,poisoning,symmetric,0.400000,1,,,,0.982456,0.728070,25.438596,,0.700397,0.595238,0.617284,0.026536,d2aeab4,b3a7b06d37ec
5166a3a72ed0,2026-09-08T00:53:24+00:00,s1,breast_cancer,logistic_regression,poisoning,symmetric,0.400000,2,,,,0.964912,0.771930,19.298246,,0.759921,0.714286,0.697674,0.027498,d2aeab4,b3a7b06d37ec
8a3612c365c7,2026-09-08T00:53:24+00:00,s1,breast_cancer,logistic_regression,poisoning,symmetric,0.400000,3,,,,0.991228,0.745614,24.561404,,0.729167,0.666667,0.658824,0.024632,d2aeab4,b3a7b06d37ec
350af6d0d16c,2026-09-08T00:53:24+00:00,s1,breast_cancer,logistic_regression,poisoning,symmetric,0.400000,4,,,,0.938596,0.736842,20.175439,,0.732143,0.714286,0.666667,0.023570,d2aeab4,b3a7b06d37ec
0583d9d3f591,2026-09-08T00:53:24+00:00,s1,digits,logistic_regression,poisoning,symmetric,0.000000,0,,,,0.966667,0.966667,0.000000,,0.966266,0.966266,0.966731,0.063430,d2aeab4,4c66841fb456
1470aa18090d,2026-09-08T00:53:24+00:00,s1,digits,logistic_regression,poisoning,symmetric,0.000000,1,,,,0.963889,0.963889,0.000000,,0.964026,0.964026,0.963871,0.071805,d2aeab4,4c66841fb456
7dfac2e41e39,2026-09-08T00:53:24+00:00,s1,digits,logistic_regression,poisoning,symmetric,0.000000,2,,,,0.963889,0.963889,0.000000,,0.963876,0.963876,0.963905,0.061421,d2aeab4,4c66841fb456
1c2c26a203fa,2026-09-08T00:53:24+00:00,s1,digits,logistic_regression,poisoning,symmetric,0.000000,3,,,,0.975000,0.975000,0.000000,,0.974991,0.974991,0.975009,0.040589,d2aeab4,4c66841fb456
dffbadc9c6d1,2026-09-08T00:53:24+00:00,s1,digits,logistic_regression,poisoning,symmetric,0.000000,4,,,,0.980556,0.980556,0.000000,,0.980547,0.980547,0.980609,0.039784,d2aeab4,4c66841fb456
d4003cc5f5cc,2026-09-08T00:53:24+00:00,s1,digits,logistic_regression,poisoning,symmetric,0.050000,0,,,,0.966667,0.922222,4.444444,,0.922121,0.922121,0.922897,0.075135,d2aeab4,01b9c6cccec0
ec31ada47994,2026-09-08T00:53:24+00:00,s1,digits,logistic_regression,poisoning,symmetric,0.050000,1,,,,0.963889,0.927778,3.611111,,0.927748,0.927748,0.928034,0.070714,d2aeab4,01b9c6cccec0
e675c70848ef,2026-09-08T00:53:24+00:00,s1,digits,logistic_regression,poisoning,symmetric,0.050000,2,,,,0.963889,0.936111,2.777778,,0.935622,0.935622,0.935530,0.066900,d2aeab4,01b9c6cccec0
b5b6c29138f5,2026-09-08T00:53:24+00:00,s1,digits,logistic_regression,poisoning,symmetric,0.050000,3,,,,0.975000,0.941667,3.333333,,0.941641,0.941641,0.941051,0.085778,d2aeab4,01b9c6cccec0
0b996f6d9aad,2026-09-08T00:53:25+00:00,s1,digits,logistic_regression,poisoning,symmetric,0.050000,4,,,,0.980556,0.913889,6.666667,,0.913621,0.913621,0.913358,0.097562,d2aeab4,01b9c6cccec0
709823bc332e,2026-09-08T00:53:25+00:00,s1,digits,logistic_regression,poisoning,symmetric,0.100000,0,,,,0.966667,0.919444,4.722222,,0.919339,0.919339,0.919838,0.074806,d2aeab4,7bc5b7362ea0
7c98295a915f,2026-09-08T00:53:25+00:00,s1,digits,logistic_regression,poisoning,symmetric,0.100000,1,,,,0.963889,0.902778,6.111111,,0.902497,0.902497,0.901933,0.070166,d2aeab4,7bc5b7362ea0
c5fe81f14949,2026-09-08T00:53:25+00:00,s1,digits,logistic_regression,poisoning,symmetric,0.100000,2,,,,0.963889,0.919444,4.444444,,0.919335,0.919335,0.919134,0.071700,d2aeab4,7bc5b7362ea0
62c66bf56dab,2026-09-08T00:53:25+00:00,s1,digits,logistic_regression,poisoning,symmetric,0.100000,3,,,,0.975000,0.911111,6.388889,,0.910764,0.910764,0.910631,0.094632,d2aeab4,7bc5b7362ea0
420927f335f4,2026-09-08T00:53:25+00:00,s1,digits,logistic_regression,poisoning,symmetric,0.100000,4,,,,0.980556,0.927778,5.277778,,0.927973,0.927973,0.927443,0.121965,d2aeab4,7bc5b7362ea0
d56dd899f9b1,2026-09-08T00:53:25+00:00,s1,digits,logistic_regression,poisoning,symmetric,0.200000,0,,,,0.966667,0.894444,7.222222,,0.894414,0.894414,0.894312,0.084116,d2aeab4,de53dc701ab5
d399be1d89d7,2026-09-08T00:53:25+00:00,s1,digits,logistic_regression,poisoning,symmetric,0.200000,1,,,,0.963889,0.900000,6.388889,,0.899732,0.899732,0.899635,0.082734,d2aeab4,de53dc701ab5
64fc81c9e2d2,2026-09-08T00:53:25+00:00,s1,digits,logistic_regression,poisoning,symmetric,0.200000,2,,,,0.963889,0.908333,5.555556,,0.907827,0.907827,0.907603,0.193509,d2aeab4,de53dc701ab5
aa8452bce013,2026-09-08T00:53:26+00:00,s1,digits,logistic_regression,poisoning,symmetric,0.200000,3,,,,0.975000,0.916667,5.833333,,0.916015,0.916015,0.916500,0.180695,d2aeab4,de53dc701ab5
c58e786b0a0c,2026-09-08T00:53:26+00:00,s1,digits,logistic_regression,poisoning,symmetric,0.200000,4,,,,0.980556,0.880556,10.000000,,0.880659,0.880659,0.880034,0.105320,d2aeab4,de53dc701ab5
c646deed2e2e,2026-09-08T00:53:26+00:00,s1,digits,logistic_regression,poisoning,symmetric,0.300000,0,,,,0.966667,0.886111,8.055556,,0.885843,0.885843,0.887051,0.142697,d2aeab4,272f719384ab
c87e46416262,2026-09-08T00:53:26+00:00,s1,digits,logistic_regression,poisoning,symmetric,0.300000,1,,,,0.963889,0.894444,6.944444,,0.894635,0.894635,0.894339,0.091988,d2aeab4,272f719384ab
f7469ec97e10,2026-09-08T00:53:26+00:00,s1,digits,logistic_regression,poisoning,symmetric,0.300000,2,,,,0.963889,0.852778,11.111111,,0.852259,0.852259,0.851890,0.146730,d2aeab4,272f719384ab
b420b672d627,2026-09-08T00:53:26+00:00,s1,digits,logistic_regression,poisoning,symmetric,0.300000,3,,,,0.975000,0.908333,6.666667,,0.907986,0.907986,0.908348,0.075045,d2aeab4,272f719384ab
2d50e1954d7b,2026-09-08T00:53:26+00:00,s1,digits,logistic_regression,poisoning,symmetric,0.300000,4,,,,0.980556,0.897222,8.333333,,0.896641,0.896641,0.897757,0.087798,d2aeab4,272f719384ab
42202cb45f43,2026-09-08T00:53:26+00:00,s1,digits,logistic_regression,poisoning,symmetric,0.400000,0,,,,0.966667,0.844444,12.222222,,0.844376,0.844376,0.844939,0.095380,d2aeab4,a27a04967efb
8017f63ea635,2026-09-08T00:53:26+00:00,s1,digits,logistic_regression,poisoning,symmetric,0.400000,1,,,,0.963889,0.847222,11.666667,,0.847175,0.847175,0.846138,0.086384,d2aeab4,a27a04967efb
6384c732fd95,2026-09-08T00:53:26+00:00,s1,digits,logistic_regression,poisoning,symmetric,0.400000,2,,,,0.963889,0.861111,10.277778,,0.860746,0.860746,0.860454,0.079929,d2aeab4,a27a04967efb
6ecf2adecde0,2026-09-08T00:53:27+00:00,s1,digits,logistic_regression,poisoning,symmetric,0.400000,3,,,,0.975000,0.866667,10.833333,,0.866306,0.866306,0.864879,0.093504,d2aeab4,a27a04967efb
75f9e722a18f,2026-09-08T00:53:27+00:00,s1,digits,logistic_regression,poisoning,symmetric,0.400000,4,,,,0.980556,0.872222,10.833333,,0.871403,0.871403,0.870649,0.085321,d2aeab4,a27a04967efb
445f8ab57bfc,2026-09-08T00:53:27+00:00,s1,wine,logistic_regression,poisoning,symmetric,0.000000,0,,,,1.000000,1.000000,0.000000,,1.000000,1.000000,1.000000,0.015450,d2aeab4,d9ef7a951a17
4c8500dc3723,2026-09-08T00:53:27+00:00,s1,wine,logistic_regression,poisoning,symmetric,0.000000,1,,,,0.972222,0.972222,0.000000,,0.976190,0.976190,0.971781,0.014837,d2aeab4,d9ef7a951a17
35aaf6a008e4,2026-09-08T00:53:27+00:00,s1,wine,logistic_regression,poisoning,symmetric,0.000000,2,,,,0.972222,0.972222,0.000000,,0.976190,0.976190,0.971781,0.016392,d2aeab4,d9ef7a951a17
b5a58e2f3bbd,2026-09-08T00:53:27+00:00,s1,wine,logistic_regression,poisoning,symmetric,0.000000,3,,,,1.000000,1.000000,0.000000,,1.000000,1.000000,1.000000,0.014714,d2aeab4,d9ef7a951a17
a4c3b15ae17a,2026-09-08T00:53:27+00:00,s1,wine,logistic_regression,poisoning,symmetric,0.000000,4,,,,1.000000,1.000000,0.000000,,1.000000,1.000000,1.000000,0.016379,d2aeab4,d9ef7a951a17
e4ca14e9d4b1,2026-09-08T00:53:27+00:00,s1,wine,logistic_regression,poisoning,symmetric,0.050000,0,,,,1.000000,1.000000,0.000000,,1.000000,1.000000,1.000000,0.023415,d2aeab4,50fbea4cf56f
75be28e67611,2026-09-08T00:53:27+00:00,s1,wine,logistic_regression,poisoning,symmetric,0.050000,1,,,,0.972222,1.000000,-2.777778,,1.000000,1.000000,1.000000,0.019702,d2aeab4,50fbea4cf56f
9c20418767d3,2026-09-08T00:53:27+00:00,s1,wine,logistic_regression,poisoning,symmetric,0.050000,2,,,,0.972222,0.972222,0.000000,,0.976190,0.976190,0.971781,0.019618,d2aeab4,50fbea4cf56f
e50b8169d03b,2026-09-08T00:53:27+00:00,s1,wine,logistic_regression,poisoning,symmetric,0.050000,3,,,,1.000000,0.916667,8.333333,,0.920635,0.920635,0.919341,0.021721,d2aeab4,50fbea4cf56f
bb04ad28e577,2026-09-08T00:53:27+00:00,s1,wine,logistic_regression,poisoning,symmetric,0.050000,4,,,,1.000000,0.972222,2.777778,,0.976190,0.976190,0.971781,0.019494,d2aeab4,50fbea4cf56f
8c740f99bb50,2026-09-08T00:53:27+00:00,s1,wine,logistic_regression,poisoning,symmetric,0.100000,0,,,,1.000000,1.000000,0.000000,,1.000000,1.000000,1.000000,0.019843,d2aeab4,7c71528f3993
a8d20df431ec,2026-09-08T00:53:27+00:00,s1,wine,logistic_regression,poisoning,symmetric,0.100000,1,,,,0.972222,0.972222,0.000000,,0.976190,0.976190,0.974321,0.024416,d2aeab4,7c71528f3993
6e806b82bfee,2026-09-08T00:53:27+00:00,s1,wine,logistic_regression,poisoning,symmetric,0.100000,2,,,,0.972222,0.972222,0.000000,,0.976190,0.976190,0.974321,0.019951,d2aeab4,7c71528f3993
78661fdf2480,2026-09-08T00:53:27+00:00,s1,wine,logistic_regression,poisoning,symmetric,0.100000,3,,,,1.000000,0.972222,2.777778,,0.976190,0.976190,0.971781,0.022286,d2aeab4,7c71528f3993
832d72bbddf7,2026-09-08T00:53:27+00:00,s1,wine,logistic_regression,poisoning,symmetric,0.100000,4,,,,1.000000,0.972222,2.777778,,0.966667,0.966667,0.970962,0.019691,d2aeab4,7c71528f3993
5fbe258b2e0f,2026-09-08T00:53:27+00:00,s1,wine,logistic_regression,poisoning,symmetric,0.200000,0,,,,1.000000,0.916667,8.333333,,0.920635,0.920635,0.922039,0.020326,d2aeab4,c6adec507f71
3d294b36b553,2026-09-08T00:53:27+00:00,s1,wine,logistic_regression,poisoning,symmetric,0.200000,1,,,,0.972222,0.888889,8.333333,,0.895238,0.895238,0.889744,0.020540,d2aeab4,c6adec507f71
219cb36ebe0c,2026-09-08T00:53:27+00:00,s1,wine,logistic_regression,poisoning,symmetric,0.200000,2,,,,0.972222,0.888889,8.333333,,0.891270,0.891270,0.894837,0.019495,d2aeab4,c6adec507f71
f23179cf3b30,2026-09-08T00:53:27+00:00,s1,wine,logistic_regression,poisoning,symmetric,0.200000,3,,,,1.000000,0.916667,8.333333,,0.920635,0.920635,0.916839,0.018481,d2aeab4,c6adec507f71
b384c0db1999,2026-09-08T00:53:27+00:00,s1,wine,logistic_regression,poisoning,symmetric,0.200000,4,,,,1.000000,0.916667,8.333333,,0.928571,0.928571,0.916364,0.017262,d2aeab4,c6adec507f71
79a6ae203470,2026-09-08T00:53:27+00:00,s1,wine,logistic_regression,poisoning,symmetric,0.300000,0,,,,1.000000,0.861111,13.888889,,0.857937,0.857937,0.865492,0.020273,d2aeab4,aea416058b9d
2584106207e1,2026-09-08T00:53:27+00:00,s1,wine,logistic_regression,poisoning,symmetric,0.300000,1,,,,0.972222,0.805556,16.666667,,0.815873,0.815873,0.805314,0.017917,d2aeab4,aea416058b9d
aec38ec602ca,2026-09-08T00:53:27+00:00,s1,wine,logistic_regression,poisoning,symmetric,0.300000,2,,,,0.972222,0.861111,11.111111,,0.880952,0.880952,0.858417,0.022026,d2aeab4,aea416058b9d
02e542d94727,2026-09-08T00:53:27+00:00,s1,wine,logistic_regression,poisoning,symmetric,0.300000,3,,,,1.000000,0.861111,13.888889,,0.861905,0.861905,0.859049,0.019221,d2aeab4,aea416058b9d
9d92aea50911,2026-09-08T00:53:27+00:00,s1,wine,logistic_regression,poisoning,symmetric,0.300000,4,,,,1.000000,0.805556,19.444444,,0.814286,0.814286,0.800265,0.016742,d2aeab4,aea416058b9d
4963165858b9,2026-09-08T00:53:27+00:00,s1,wine,logistic_regression,poisoning,symmetric,0.400000,0,,,,1.000000,0.833333,16.666667,,0.835714,0.835714,0.841652,0.022038,d2aeab4,ec75af2135b6
547e3501c5d7,2026-09-08T00:53:27+00:00,s1,wine,logistic_regression,poisoning,symmetric,0.400000,1,,,,0.972222,0.944444,2.777778,,0.948413,0.948413,0.948413,0.019923,d2aeab4,ec75af2135b6
1c7a18056e58,2026-09-08T00:53:27+00:00,s1,wine,logistic_regression,poisoning,symmetric,0.400000,2,,,,0.972222,0.805556,16.666667,,0.810317,0.810317,0.804390,0.018769,d2aeab4,ec75af2135b6
a5988fcfc82d,2026-09-08T00:53:27+00:00,s1,wine,logistic_regression,poisoning,symmetric,0.400000,3,,,,1.000000,0.861111,13.888889,,0.844444,0.844444,0.856032,0.021072,d2aeab4,ec75af2135b6
2e5b5388b2d0,2026-09-08T00:53:27+00:00,s1,wine,logistic_regression,poisoning,symmetric,0.400000,4,,,,1.000000,0.833333,16.666667,,0.826190,0.826190,0.825546,0.019749,d2aeab4,ec75af2135b6
afcf592c7668,2026-09-08T00:53:29+00:00,s1,breast_cancer,logistic_regression,poisoning,targeted,0.000000,0,,,,0.973684,0.973684,0.000000,,0.969246,0.952381,0.963855,0.021364,d2aeab4,e832e5c1a345
7781d86d7089,2026-09-08T00:53:29+00:00,s1,breast_cancer,logistic_regression,poisoning,targeted,0.000000,1,,,,0.982456,0.982456,0.000000,,0.981151,0.976190,0.976190,0.018474,d2aeab4,e832e5c1a345
acd0a3e303a0,2026-09-08T00:53:29+00:00,s1,breast_cancer,logistic_regression,poisoning,targeted,0.000000,2,,,,0.964912,0.964912,0.000000,,0.962302,0.952381,0.952381,0.015216,d2aeab4,e832e5c1a345
61a1cd3c49de,2026-09-08T00:53:29+00:00,s1,breast_cancer,logistic_regression,poisoning,targeted,0.000000,3,,,,0.991228,0.991228,0.000000,,0.988095,0.976190,0.987952,0.016795,d2aeab4,e832e5c1a345
f64ae7478d79,2026-09-08T00:53:29+00:00,s1,breast_cancer,logistic_regression,poisoning,targeted,0.000000,4,,,,0.938596,0.938596,0.000000,,0.916667,0.833333,0.909091,0.018161,d2aeab4,e832e5c1a345
e0779afa832e,2026-09-08T00:53:29+00:00,s1,breast_cancer,logistic_regression,poisoning,targeted,0.050000,0,,,,0.973684,0.938596,3.508772,,0.916667,0.833333,0.909091,0.023033,d2aeab4,961deccb27ed
d600a795acdf,2026-09-08T00:53:29+00:00,s1,breast_cancer,logistic_regression,poisoning,targeted,0.050000,1,,,,0.982456,0.956140,2.631579,,0.940476,0.880952,0.936709,0.025518,d2aeab4,961deccb27ed
625017e27046,2026-09-08T00:53:29+00:00,s1,breast_cancer,logistic_regression,poisoning,targeted,0.050000,2,,,,0.964912,0.912281,5.263158,,0.880952,0.761905,0.864865,0.022940,d2aeab4,961deccb27ed
d7e6eb16d525,2026-09-08T00:53:29+00:00,s1,breast_cancer,logistic_regression,poisoning,targeted,0.050000,3,,,,0.991228,0.964912,2.631579,,0.952381,0.904762,0.950000,0.025440,d2aeab4,961deccb27ed
e4c2a8add4c1,2026-09-08T00:53:29+00:00,s1,breast_cancer,logistic_regression,poisoning,targeted,0.050000,4,,,,0.938596,0.894737,4.385965,,0.857143,0.714286,0.833333,0.022625,d2aeab4,961deccb27ed
534bcbaa6076,2026-09-08T00:53:29+00:00,s1,breast_cancer,logistic_regression,poisoning,targeted,0.100000,0,,,,0.973684,0.877193,9.649123,,0.833333,0.666667,0.800000,0.033502,d2aeab4,642c50610f48
6b86cfec8998,2026-09-08T00:53:29+00:00,s1,breast_cancer,logistic_regression,poisoning,targeted,0.100000,1,,,,0.982456,0.868421,11.403509,,0.821429,0.642857,0.782609,0.027309,d2aeab4,642c50610f48
0d604f49c3d1,2026-09-08T00:53:29+00:00,s1,breast_cancer,logistic_regression,poisoning,targeted,0.100000,2,,,,0.964912,0.912281,5.263158,,0.880952,0.761905,0.864865,0.023222,d2aeab4,642c50610f48
55512d33e15b,2026-09-08T00:53:29+00:00,s1,breast_cancer,logistic_regression,poisoning,targeted,0.100000,3,,,,0.991228,0.877193,11.403509,,0.833333,0.666667,0.800000,0.026022,d2aeab4,642c50610f48
01a0078ee310,2026-09-08T00:53:29+00:00,s1,breast_cancer,logistic_regression,poisoning,targeted,0.100000,4,,,,0.938596,0.868421,7.017544,,0.821429,0.642857,0.782609,0.023817,d2aeab4,642c50610f48
2c3eb1e93151,2026-09-08T00:53:29+00:00,s1,breast_cancer,logistic_regression,poisoning,targeted,0.200000,0,,,,0.973684,0.745614,22.807018,,0.654762,0.309524,0.472727,0.023630,d2aeab4,bd69b703e4ab
0bccf74dd1da,2026-09-08T00:53:29+00:00,s1,breast_cancer,logistic_regression,poisoning,targeted,0.200000,1,,,,0.982456,0.771930,21.052632,,0.690476,0.380952,0.551724,0.026164,d2aeab4,bd69b703e4ab
4e76bc6da468,2026-09-08T00:53:29+00:00,s1,breast_cancer,logistic_regression,poisoning,targeted,0.200000,2,,,,0.964912,0.736842,22.807018,,0.642857,0.285714,0.444444,0.024439,d2aeab4,bd69b703e4ab
6a3885aa377b,2026-09-08T00:53:29+00:00,s1,breast_cancer,logistic_regression,poisoning,targeted,0.200000,3,,,,0.991228,0.736842,25.438596,,0.647817,0.309524,0.464286,0.025364,d2aeab4,bd69b703e4ab
8564f307df54,2026-09-08T00:53:29+00:00,s1,breast_cancer,logistic_regression,poisoning,targeted,0.200000,4,,,,0.938596,0.701754,23.684211,,0.595238,0.190476,0.320000,0.021670,d2aeab4,bd69b703e4ab
18f8ecc40c64,2026-09-08T00:53:29+00:00,s1,breast_cancer,logistic_regression,poisoning,targeted,0.300000,0,,,,0.973684,0.631579,34.210526,,0.500000,0.000000,0.000000,0.024632,d2aeab4,414e74e76cb2
a0a9cab4175d,2026-09-08T00:53:29+00:00,s1,breast_cancer,logistic_regression,poisoning,targeted,0.300000,1,,,,0.982456,0.640351,34.210526,,0.511905,0.023810,0.046512,0.021181,d2aeab4,414e74e76cb2
774701fdc78a,2026-09-08T00:53:29+00:00,s1,breast_cancer,logistic_regression,poisoning,targeted,0.300000,2,,,,0.964912,0.640351,32.456140,,0.511905,0.023810,0.046512,0.025143,d2aeab4,414e74e76cb2
0c11212ec016,2026-09-08T00:53:29+00:00,s1,breast_cancer,logistic_regression,poisoning,targeted,0.300000,3,,,,0.991228,0.649123,34.210526,,0.523810,0.047619,0.090909,0.031585,d2aeab4,414e74e76cb2
bbb0b2a613e1,2026-09-08T00:53:29+00:00,s1,breast_cancer,logistic_regression,poisoning,targeted,0.300000,4,,,,0.938596,0.649123,28.947368,,0.523810,0.047619,0.090909,0.025951,d2aeab4,414e74e76cb2
de4431bc61a1,2026-09-08T00:53:31+00:00,s1,breast_cancer,logistic_regression,evasion,fgsm,0.000000,0,,,,0.973684,0.973684,0.000000,,0.969246,0.952381,0.963855,0.022000,d2aeab4,4a0968a624ff
46067d56ff1a,2026-09-08T00:53:31+00:00,s1,breast_cancer,logistic_regression,evasion,fgsm,0.000000,1,,,,0.982456,0.982456,0.000000,,0.981151,0.976190,0.976190,0.018397,d2aeab4,4a0968a624ff
480b3a9511aa,2026-09-08T00:53:31+00:00,s1,breast_cancer,logistic_regression,evasion,fgsm,0.000000,2,,,,0.964912,0.964912,0.000000,,0.962302,0.952381,0.952381,0.017772,d2aeab4,4a0968a624ff
788c541df3f3,2026-09-08T00:53:31+00:00,s1,breast_cancer,logistic_regression,evasion,fgsm,0.000000,3,,,,0.991228,0.991228,0.000000,,0.988095,0.976190,0.987952,0.018981,d2aeab4,4a0968a624ff
95cafa23b3af,2026-09-08T00:53:31+00:00,s1,breast_cancer,logistic_regression,evasion,fgsm,0.000000,4,,,,0.938596,0.938596,0.000000,,0.916667,0.833333,0.909091,0.017790,d2aeab4,4a0968a624ff
418743f32b51,2026-09-08T00:53:31+00:00,s1,breast_cancer,logistic_regression,evasion,fgsm,0.100000,0,,,,0.973684,0.859649,11.403509,0.117117,0.864087,0.880952,0.822222,0.018291,d2aeab4,b6ec990df764
dfccafb5709e,2026-09-08T00:53:31+00:00,s1,breast_cancer,logistic_regression,evasion,fgsm,0.100000,1,,,,0.982456,0.929825,5.263158,0.053571,0.919643,0.880952,0.902439,0.019064,d2aeab4,b6ec990df764
a3e15c6423dd,2026-09-08T00:53:31+00:00,s1,breast_cancer,logistic_regression,evasion,fgsm,0.100000,2,,,,0.964912,0.912281,5.263158,0.054545,0.905754,0.880952,0.880952,0.018698,d2aeab4,b6ec990df764
e898e34b4db3,2026-09-08T00:53:31+00:00,s1,breast_cancer,logistic_regression,evasion,fgsm,0.100000,3,,,,0.991228,0.929825,6.140351,0.061947,0.929563,0.928571,0.906977,0.016901,d2aeab4,b6ec990df764
ced1a8f56292,2026-09-08T00:53:31+00:00,s1,breast_cancer,logistic_regression,evasion,fgsm,0.100000,4,,,,0.938596,0.859649,7.894737,0.084112,0.829365,0.714286,0.789474,0.018216,d2aeab4,b6ec990df764
ee4a1bd49b7f,2026-09-08T00:53:31+00:00,s1,breast_cancer,logistic_regression,evasion,fgsm,0.250000,0,,,,0.973684,0.692982,28.070175,0.288288,0.717262,0.809524,0.660194,0.022506,d2aeab4,2e051a1f2dd1
ef04ed701aba,2026-09-08T00:53:31+00:00,s1,breast_cancer,logistic_regression,evasion,fgsm,0.250000,1,,,,0.982456,0.771930,21.052632,0.214286,0.779762,0.809524,0.723404,0.018323,d2aeab4,2e051a1f2dd1
f031c02eeba3,2026-09-08T00:53:31+00:00,s1,breast_cancer,logistic_regression,evasion,fgsm,0.250000,2,,,,0.964912,0.736842,22.807018,0.236364,0.747024,0.785714,0.687500,0.020233,d2aeab4,2e051a1f2dd1
d31daced069c,2026-09-08T00:53:31+00:00,s1,breast_cancer,logistic_regression,evasion,fgsm,0.250000,3,,,,0.991228,0.745614,24.561404,0.247788,0.753968,0.785714,0.694737,0.019065,d2aeab4,2e051a1f2dd1
54d1dc10d3ce,2026-09-08T00:53:31+00:00,s1,breast_cancer,logistic_regression,evasion,fgsm,0.250000,4,,,,0.938596,0.763158,17.543860,0.186916,0.743056,0.666667,0.674699,0.016702,d2aeab4,2e051a1f2dd1
6d7ded7350fa,2026-09-08T00:53:31+00:00,s1,breast_cancer,logistic_regression,evasion,fgsm,0.500000,0,,,,0.973684,0.377193,59.649123,0.612613,0.422619,0.595238,0.413223,0.015477,d2aeab4,7f3f0b0ecbde
b5b26d999d69,2026-09-08T00:53:31+00:00,s1,breast_cancer,logistic_regression,evasion,fgsm,0.500000,1,,,,0.982456,0.289474,69.298246,0.705357,0.328373,0.476190,0.330579,0.019188,d2aeab4,7f3f0b0ecbde
5752bc13173e,2026-09-08T00:53:31+00:00,s1,breast_cancer,logistic_regression,evasion,fgsm,0.500000,2,,,,0.964912,0.324561,64.035088,0.663636,0.361111,0.500000,0.352941,0.018263,d2aeab4,7f3f0b0ecbde
0fc0fabfec26,2026-09-08T00:53:31+00:00,s1,breast_cancer,logistic_regression,evasion,fgsm,0.500000,3,,,,0.991228,0.315789,67.543860,0.681416,0.349206,0.476190,0.338983,0.019837,d2aeab4,7f3f0b0ecbde
8f7f5f9d67ab,2026-09-08T00:53:31+00:00,s1,breast_cancer,logistic_regression,evasion,fgsm,0.500000,4,,,,0.938596,0.385965,55.263158,0.588785,0.399802,0.452381,0.351852,0.019001,d2aeab4,7f3f0b0ecbde
e728c6404da2,2026-09-08T00:53:31+00:00,s1,breast_cancer,logistic_regression,evasion,fgsm,1.000000,0,,,,0.973684,0.043860,92.982456,0.954955,0.059524,0.119048,0.084034,0.018301,d2aeab4,24ff685e3117
8473f4f1cbeb,2026-09-08T00:53:31+00:00,s1,breast_cancer,logistic_regression,evasion,fgsm,1.000000,1,,,,0.982456,0.043860,93.859649,0.955357,0.059524,0.119048,0.084034,0.018082,d2aeab4,24ff685e3117
f169d4fe7403,2026-09-08T00:53:31+00:00,s1,breast_cancer,logistic_regression,evasion,fgsm,1.000000,2,,,,0.964912,0.052632,91.228070,0.945455,0.071429,0.142857,0.100000,0.018581,d2aeab4,24ff685e3117
f381de00d92d,2026-09-08T00:53:31+00:00,s1,breast_cancer,logistic_regression,evasion,fgsm,1.000000,3,,,,0.991228,0.078947,91.228070,0.920354,0.107143,0.214286,0.146341,0.018794,d2aeab4,24ff685e3117
90d46aa8b581,2026-09-08T00:53:31+00:00,s1,breast_cancer,logistic_regression,evasion,fgsm,1.000000,4,,,,0.938596,0.087719,85.087719,0.906542,0.119048,0.238095,0.161290,0.018123,d2aeab4,24ff685e3117
04febd34bf91,2026-09-08T00:53:31+00:00,s1,digits,logistic_regression,evasion,fgsm,0.000000,0,,,,0.966667,0.966667,0.000000,,0.966266,0.966266,0.966731,0.046953,d2aeab4,41bc14a52ded
1c002b0ee063,2026-09-08T00:53:31+00:00,s1,digits,logistic_regression,evasion,fgsm,0.000000,1,,,,0.963889,0.963889,0.000000,,0.964026,0.964026,0.963871,0.045134,d2aeab4,41bc14a52ded
fbb6d3df71b1,2026-09-08T00:53:31+00:00,s1,digits,logistic_regression,evasion,fgsm,0.000000,2,,,,0.963889,0.963889,0.000000,,0.963876,0.963876,0.963905,0.039643,d2aeab4,41bc14a52ded
fc6094b8ab98,2026-09-08T00:53:31+00:00,s1,digits,logistic_regression,evasion,fgsm,0.000000,3,,,,0.975000,0.975000,0.000000,,0.974991,0.974991,0.975009,0.042751,d2aeab4,41bc14a52ded
a222f612cd9a,2026-09-08T00:53:31+00:00,s1,digits,logistic_regression,evasion,fgsm,0.000000,4,,,,0.980556,0.980556,0.000000,,0.980547,0.980547,0.980609,0.041938,d2aeab4,41bc14a52ded
5f75c0797e16,2026-09-08T00:53:32+00:00,s1,digits,logistic_regression,evasion,fgsm,0.100000,0,,,,0.966667,0.850000,11.666667,0.120690,0.849013,0.849013,0.850425,0.049557,d2aeab4,a4c9df62facd
182e7e80de69,2026-09-08T00:53:32+00:00,s1,digits,logistic_regression,evasion,fgsm,0.100000,1,,,,0.963889,0.858333,10.555556,0.109510,0.858353,0.858353,0.859141,0.040750,d2aeab4,a4c9df62facd
cf17256b3e01,2026-09-08T00:53:32+00:00,s1,digits,logistic_regression,evasion,fgsm,0.100000,2,,,,0.963889,0.855556,10.833333,0.112392,0.854882,0.854882,0.855366,0.040965,d2aeab4,a4c9df62facd
6fc01b2f1731,2026-09-08T00:53:32+00:00,s1,digits,logistic_regression,evasion,fgsm,0.100000,3,,,,0.975000,0.888889,8.611111,0.088319,0.888837,0.888837,0.889552,0.040003,d2aeab4,a4c9df62facd
617242f5cab1,2026-09-08T00:53:32+00:00,s1,digits,logistic_regression,evasion,fgsm,0.100000,4,,,,0.980556,0.858333,12.222222,0.124646,0.858344,0.858344,0.857630,0.041594,d2aeab4,a4c9df62facd
d1fb2e81e85b,2026-09-08T00:53:32+00:00,s1,digits,logistic_regression,evasion,fgsm,0.250000,0,,,,0.966667,0.461111,50.555556,0.522989,0.460163,0.460163,0.474268,0.042544,d2aeab4,daf413cf7698
00c99bcf9393,2026-09-08T00:53:32+00:00,s1,digits,logistic_regression,evasion,fgsm,0.250000,1,,,,0.963889,0.436111,52.777778,0.547550,0.435940,0.435940,0.454209,0.042126,d2aeab4,daf413cf7698
ff488df64fe0,2026-09-08T00:53:32+00:00,s1,digits,logistic_regression,evasion,fgsm,0.250000,2,,,,0.963889,0.461111,50.277778,0.521614,0.460626,0.460626,0.468742,0.046362,d2aeab4,daf413cf7698
8d65981cbd3c,2026-09-08T00:53:32+00:00,s1,digits,logistic_regression,evasion,fgsm,0.250000,3,,,,0.975000,0.502778,47.222222,0.484330,0.503185,0.503185,0.512213,0.043396,d2aeab4,daf413cf7698
2311e8feccf6,2026-09-08T00:53:32+00:00,s1,digits,logistic_regression,evasion,fgsm,0.250000,4,,,,0.980556,0.500000,48.055556,0.490085,0.500959,0.500959,0.507990,0.096625,d2aeab4,daf413cf7698
e4429f508f04,2026-09-08T00:53:32+00:00,s1,digits,logistic_regression,evasion,fgsm,0.500000,0,,,,0.966667,0.033333,93.333333,0.965517,0.033333,0.033333,0.044789,0.052447,d2aeab4,b745de6c6319
24b49219b071,2026-09-08T00:53:32+00:00,s1,digits,logistic_regression,evasion,fgsm,0.500000,1,,,,0.963889,0.016667,94.722222,0.982709,0.016667,0.016667,0.023767,0.040770,d2aeab4,b745de6c6319
fb0a531fd2e5,2026-09-08T00:53:32+00:00,s1,digits,logistic_regression,evasion,fgsm,0.500000,2,,,,0.963889,0.044444,91.944444,0.953890,0.044524,0.044524,0.054041,0.042427,d2aeab4,b745de6c6319
fe7083f76463,2026-09-08T00:53:32+00:00,s1,digits,logistic_regression,evasion,fgsm,0.500000,3,,,,0.975000,0.041667,93.333333,0.957265,0.041746,0.041746,0.051067,0.050126,d2aeab4,b745de6c6319
5b2bcbdff607,2026-09-08T00:53:32+00:00,s1,digits,logistic_regression,evasion,fgsm,0.500000,4,,,,0.980556,0.033333,94.722222,0.966006,0.033333,0.033333,0.042778,0.042280,d2aeab4,b745de6c6319
55a47e792ddd,2026-09-08T00:53:32+00:00,s1,digits,logistic_regression,evasion,fgsm,1.000000,0,,,,0.966667,0.000000,96.666667,1.000000,0.000000,0.000000,0.000000,0.043250,d2aeab4,ae088213f926
f5b00ac5fd55,2026-09-08T00:53:32+00:00,s1,digits,logistic_regression,evasion,fgsm,1.000000,1,,,,0.963889,0.000000,96.388889,1.000000,0.000000,0.000000,0.000000,0.044416,d2aeab4,ae088213f926
c02487b01e56,2026-09-08T00:53:32+00:00,s1,digits,logistic_regression,evasion,fgsm,1.000000,2,,,,0.963889,0.000000,96.388889,1.000000,0.000000,0.000000,0.000000,0.040946,d2aeab4,ae088213f926
716d52e31405,2026-09-08T00:53:32+00:00,s1,digits,logistic_regression,evasion,fgsm,1.000000,3,,,,0.975000,0.000000,97.500000,1.000000,0.000000,0.000000,0.000000,0.048820,d2aeab4,ae088213f926
15e72d7f067c,2026-09-08T00:53:32+00:00,s1,digits,logistic_regression,evasion,fgsm,1.000000,4,,,,0.980556,0.000000,98.055556,1.000000,0.000000,0.000000,0.000000,0.044739,d2aeab4,ae088213f926
9401410f95ce,2026-09-08T00:53:32+00:00,s1,wine,logistic_regression,evasion,fgsm,0.000000,0,,,,1.000000,1.000000,0.000000,,1.000000,1.000000,1.000000,0.015911,d2aeab4,df9725ddfbde
981013a747fb,2026-09-08T00:53:33+00:00,s1,wine,logistic_regression,evasion,fgsm,0.000000,1,,,,0.972222,0.972222,0.000000,,0.976190,0.976190,0.971781,0.024674,d2aeab4,df9725ddfbde
c952879fb98e,2026-09-08T00:53:33+00:00,s1,wine,logistic_regression,evasion,fgsm,0.000000,2,,,,0.972222,0.972222,0.000000,,0.976190,0.976190,0.971781,0.024789,d2aeab4,df9725ddfbde
586f1cf66929,2026-09-08T00:53:33+00:00,s1,wine,logistic_regression,evasion,fgsm,0.000000,3,,,,1.000000,1.000000,0.000000,,1.000000,1.000000,1.000000,0.015516,d2aeab4,df9725ddfbde
969568d88668,2026-09-08T00:53:33+00:00,s1,wine,logistic_regression,evasion,fgsm,0.000000,4,,,,1.000000,1.000000,0.000000,,1.000000,1.000000,1.000000,0.016420,d2aeab4,df9725ddfbde
be25083241fe,2026-09-08T00:53:33+00:00,s1,wine,logistic_regression,evasion,fgsm,0.100000,0,,,,1.000000,1.000000,0.000000,0.000000,1.000000,1.000000,1.000000,0.016064,d2aeab4,d274505da6c1
6a9277a0ccbd,2026-09-08T00:53:33+00:00,s1,wine,logistic_regression,evasion,fgsm,0.100000,1,,,,0.972222,0.972222,0.000000,0.000000,0.976190,0.976190,0.971781,0.015908,d2aeab4,d274505da6c1
c3e271e6df95,2026-09-08T00:53:33+00:00,s1,wine,logistic_regression,evasion,fgsm,0.100000,2,,,,0.972222,0.944444,2.777778,0.028571,0.952381,0.952381,0.944056,0.018989,d2aeab4,d274505da6c1
490058c377c8,2026-09-08T00:53:33+00:00,s1,wine,logistic_regression,evasion,fgsm,0.100000,3,,,,1.000000,0.972222,2.777778,0.027778,0.976190,0.976190,0.971781,0.016479,d2aeab4,d274505da6c1
28665ee3ac50,2026-09-08T00:53:33+00:00,s1,wine,logistic_regression,evasion,fgsm,0.100000,4,,,,1.000000,0.944444,5.555556,0.055556,0.952381,0.952381,0.944056,0.020290,d2aeab4,d274505da6c1
f17a4bbf5b68,2026-09-08T00:53:33+00:00,s1,wine,logistic_regression,evasion,fgsm,0.250000,0,,,,1.000000,0.888889,11.111111,0.111111,0.887302,0.887302,0.894533,0.019381,d2aeab4,980a8fc374ac
3925f5d329e1,2026-09-08T00:53:33+00:00,s1,wine,logistic_regression,evasion,fgsm,0.250000,1,,,,0.972222,0.805556,16.666667,0.171429,0.829365,0.829365,0.811249,0.030342,d2aeab4,980a8fc374ac
bf28f37b5caf,2026-09-08T00:53:33+00:00,s1,wine,logistic_regression,evasion,fgsm,0.250000,2,,,,0.972222,0.750000,22.222222,0.228571,0.753175,0.753175,0.749888,0.015607,d2aeab4,980a8fc374ac
e360392fcb20,2026-09-08T00:53:33+00:00,s1,wine,logistic_regression,evasion,fgsm,0.250000,3,,,,1.000000,0.861111,13.888889,0.138889,0.859524,0.859524,0.865284,0.018117,d2aeab4,980a8fc374ac
ebfcae01ef2f,2026-09-08T00:53:33+00:00,s1,wine,logistic_regression,evasion,fgsm,0.250000,4,,,,1.000000,0.888889,11.111111,0.111111,0.900794,0.900794,0.890637,0.016949,d2aeab4,980a8fc374ac
981509d30e32,2026-09-08T00:53:33+00:00,s1,wine,logistic_regression,evasion,fgsm,0.500000,0,,,,1.000000,0.694444,30.555556,0.305556,0.693651,0.693651,0.703092,0.017914,d2aeab4,8e492570dc37
960cc3473c2c,2026-09-08T00:53:33+00:00,s1,wine,logistic_regression,evasion,fgsm,0.500000,1,,,,0.972222,0.527778,44.444444,0.457143,0.530159,0.530159,0.523457,0.015540,d2aeab4,8e492570dc37
218bba8cb352,2026-09-08T00:53:33+00:00,s1,wine,logistic_regression,evasion,fgsm,0.500000,2,,,,0.972222,0.611111,36.111111,0.371429,0.616667,0.616667,0.619658,0.015708,d2aeab4,8e492570dc37
a917796ca1c5,2026-09-08T00:53:33+00:00,s1,wine,logistic_regression,evasion,fgsm,0.500000,3,,,,1.000000,0.527778,47.222222,0.472222,0.541270,0.541270,0.539794,0.013474,d2aeab4,8e492570dc37
17d7154e5437,2026-09-08T00:53:33+00:00,s1,wine,logistic_regression,evasion,fgsm,0.500000,4,,,,1.000000,0.555556,44.444444,0.444444,0.555556,0.555556,0.562878,0.015651,d2aeab4,8e492570dc37
c97bf5cd41a1,2026-09-08T00:53:33+00:00,s1,wine,logistic_regression,evasion,fgsm,1.000000,0,,,,1.000000,0.055556,94.444444,0.944444,0.051587,0.051587,0.046474,0.018712,d2aeab4,89342c571a80
704b2c8f27cf,2026-09-08T00:53:33+00:00,s1,wine,logistic_regression,evasion,fgsm,1.000000,1,,,,0.972222,0.027778,94.444444,0.971429,0.027778,0.027778,0.024691,0.015485,d2aeab4,89342c571a80
8395fe7dba73,2026-09-08T00:53:33+00:00,s1,wine,logistic_regression,evasion,fgsm,1.000000,2,,,,0.972222,0.055556,91.666667,0.942857,0.055556,0.055556,0.049383,0.015221,d2aeab4,89342c571a80
ee76c9f653ee,2026-09-08T00:53:33+00:00,s1,wine,logistic_regression,evasion,fgsm,1.000000,3,,,,1.000000,0.027778,97.222222,0.972222,0.027778,0.027778,0.028986,0.016469,d2aeab4,89342c571a80
86ef300e73fd,2026-09-08T00:53:33+00:00,s1,wine,logistic_regression,evasion,fgsm,1.000000,4,,,,1.000000,0.055556,94.444444,0.944444,0.055556,0.055556,0.055556,0.015745,d2aeab4,89342c571a80
36b30a57960f,2026-09-08T00:53:34+00:00,s2,breast_cancer,logistic_regression,byzantine,label_flip,0.000000,0,10,iid,30,0.973684,0.973684,0.000000,,0.969246,0.952381,0.963855,0.036972,d2aeab4,817cf94bb1a8
fc20c30b86a5,2026-09-08T00:53:34+00:00,s2,breast_cancer,logistic_regression,byzantine,label_flip,0.000000,1,10,iid,30,0.982456,0.982456,0.000000,,0.981151,0.976190,0.976190,0.032697,d2aeab4,817cf94bb1a8
c080d4acc16c,2026-09-08T00:53:34+00:00,s2,breast_cancer,logistic_regression,byzantine,label_flip,0.000000,2,10,iid,30,0.964912,0.964912,0.000000,,0.962302,0.952381,0.952381,0.031633,d2aeab4,817cf94bb1a8
1e080540a49b,2026-09-08T00:53:34+00:00,s2,breast_cancer,logistic_regression,byzantine,label_flip,0.000000,3,10,iid,30,0.991228,0.991228,0.000000,,0.988095,0.976190,0.987952,0.032061,d2aeab4,817cf94bb1a8
d3b5010c30c6,2026-09-08T00:53:34+00:00,s2,breast_cancer,logistic_regression,byzantine,label_flip,0.000000,4,10,iid,30,0.956140,0.956140,0.000000,,0.945437,0.904762,0.938272,0.031812,d2aeab4,817cf94bb1a8
92440d439c23,2026-09-08T00:53:35+00:00,s2,breast_cancer,logistic_regression,byzantine,label_flip,0.100000,0,10,iid,30,0.973684,0.964912,0.877193,,0.952381,0.904762,0.950000,0.053368,d2aeab4,d3bf1b795666
84354f0745ce,2026-09-08T00:53:35+00:00,s2,breast_cancer,logistic_regression,byzantine,label_flip,0.100000,1,10,iid,30,0.982456,0.956140,2.631579,,0.945437,0.904762,0.938272,0.054441,d2aeab4,d3bf1b795666
d0518e3fc9dc,2026-09-08T00:53:35+00:00,s2,breast_cancer,logistic_regression,byzantine,label_flip,0.100000,2,10,iid,30,0.964912,0.964912,0.000000,,0.957341,0.928571,0.951220,0.051955,d2aeab4,d3bf1b795666
6a8693f4912b,2026-09-08T00:53:35+00:00,s2,breast_cancer,logistic_regression,byzantine,label_flip,0.100000,3,10,iid,30,0.991228,0.973684,1.754386,,0.964286,0.928571,0.962963,0.052644,d2aeab4,d3bf1b795666
ed778c657e6f,2026-09-08T00:53:35+00:00,s2,breast_cancer,logistic_regression,byzantine,label_flip,0.100000,4,10,iid,30,0.956140,0.938596,1.754386,,0.921627,0.857143,0.911392,0.054203,d2aeab4,d3bf1b795666
8eb936a618aa,2026-09-08T00:53:35+00:00,s2,breast_cancer,logistic_regression,byzantine,label_flip,0.200000,0,10,iid,30,0.973684,0.964912,0.877193,,0.957341,0.928571,0.951220,0.055097,d2aeab4,496adef099f6
105e4cc030e9,2026-09-08T00:53:35+00:00,s2,breast_cancer,logistic_regression,byzantine,label_flip,0.200000,1,10,iid,30,0.982456,0.964912,1.754386,,0.957341,0.928571,0.951220,0.053266,d2aeab4,496adef099f6
d1d8713ea6e3,2026-09-08T00:53:35+00:00,s2,breast_cancer,logistic_regression,byzantine,label_flip,0.200000,2,10,iid,30,0.964912,0.964912,0.000000,,0.957341,0.928571,0.951220,0.055460,d2aeab4,496adef099f6
d35bbf9b7c83,2026-09-08T00:53:35+00:00,s2,breast_cancer,logistic_regression,byzantine,label_flip,0.200000,3,10,iid,30,0.991228,0.956140,3.508772,,0.945437,0.904762,0.938272,0.052121,d2aeab4,496adef099f6
c75232bcaf6a,2026-09-08T00:53:35+00:00,s2,breast_cancer,logistic_regression,byzantine,label_flip,0.200000,4,10,iid,30,0.956140,0.938596,1.754386,,0.916667,0.833333,0.909091,0.053122,d2aeab4,496adef099f6
bb78b7af22df,2026-09-08T00:53:35+00:00,s2,breast_cancer,logistic_regression,byzantine,label_flip,0.300000,0,10,iid,30,0.973684,0.956140,1.754386,,0.945437,0.904762,0.938272,0.053395,d2aeab4,59da98de361e
4cc1b7858401,2026-09-08T00:53:35+00:00,s2,breast_cancer,logistic_regression,byzantine,label_flip,0.300000,1,10,iid,30,0.982456,0.947368,3.508772,,0.938492,0.904762,0.926829,0.053482,d2aeab4,59da98de361e
0d5fc51e7357,2026-09-08T00:53:35+00:00,s2,breast_cancer,logistic_regression,byzantine,label_flip,0.300000,2,10,iid,30,0.964912,0.947368,1.754386,,0.938492,0.904762,0.926829,0.054183,d2aeab4,59da98de361e
fd7ba243069d,2026-09-08T00:53:35+00:00,s2,breast_cancer,logistic_regression,byzantine,label_flip,0.300000,3,10,iid,30,0.991228,0.947368,4.385965,,0.943452,0.928571,0.928571,0.052809,d2aeab4,59da98de361e
af9538bd6bd5,2026-09-08T00:53:35+00:00,s2,breast_cancer,logistic_regression,byzantine,label_flip,0.300000,4,10,iid,30,0.956140,0.929825,2.631579,,0.914683,0.857143,0.900000,0.052450,d2aeab4,59da98de361e
cb4f6f6e4ceb,2026-09-08T00:53:35+00:00,s2,breast_cancer,logistic_regression,byzantine,label_flip,0.400000,0,10,iid,30,0.973684,0.912281,6.140351,,0.890873,0.809524,0.871795,0.053916,d2aeab4,7ba87edc05f1
211b529f882d,2026-09-08T00:53:35+00:00,s2,breast_cancer,logistic_regression,byzantine,label_flip,0.400000,1,10,iid,30,0.982456,0.789474,19.298246,,0.798611,0.833333,0.744681,0.052833,d2aeab4,7ba87edc05f1
6d18292b22f5,2026-09-08T00:53:35+00:00,s2,breast_cancer,logistic_regression,byzantine,label_flip,0.400000,2,10,iid,30,0.964912,0.850877,11.403509,,0.857143,0.880952,0.813187,0.053899,d2aeab4,7ba87edc05f1
38a698a19d83,2026-09-08T00:53:36+00:00,s2,breast_cancer,logistic_regression,byzantine,label_flip,0.400000,3,10,iid,30,0.991228,0.815789,17.543860,,0.804563,0.761905,0.752941,0.052961,d2aeab4,7ba87edc05f1
636a3217870e,2026-09-08T00:53:36+00:00,s2,breast_cancer,logistic_regression,byzantine,label_flip,0.400000,4,10,iid,30,0.956140,0.850877,10.526316,,0.807540,0.642857,0.760563,0.053757,d2aeab4,7ba87edc05f1
cc14662684fc,2026-09-08T00:53:36+00:00,s2,breast_cancer,logistic_regression,byzantine,label_flip,0.500000,0,10,iid,30,0.973684,0.482456,49.122807,,0.491071,0.523810,0.427184,0.053523,d2aeab4,bd5d18319e54
4fe6e562eff3,2026-09-08T00:53:36+00:00,s2,breast_cancer,logistic_regression,byzantine,label_flip,0.500000,1,10,iid,30,0.982456,0.491228,49.122807,,0.537698,0.714286,0.508475,0.053463,d2aeab4,bd5d18319e54
326125844202,2026-09-08T00:53:36+00:00,s2,breast_cancer,logistic_regression,byzantine,label_flip,0.500000,2,10,iid,30,0.964912,0.473684,49.122807,,0.543651,0.809524,0.531250,0.052521,d2aeab4,bd5d18319e54
b87c39e49158,2026-09-08T00:53:36+00:00,s2,breast_cancer,logistic_regression,byzantine,label_flip,0.500000,3,10,iid,30,0.991228,0.517544,47.368421,,0.489087,0.380952,0.367816,0.054432,d2aeab4,bd5d18319e54
322733a046fa,2026-09-08T00:53:36+00:00,s2,breast_cancer,logistic_regression,byzantine,label_flip,0.500000,4,10,iid,30,0.956140,0.657895,29.824561,,0.644841,0.595238,0.561798,0.053516,d2aeab4,bd5d18319e54
83104df151c3,2026-09-08T00:53:36+00:00,s2,breast_cancer,logistic_regression,byzantine,label_flip,0.000000,0,10,non_iid,30,0.947368,0.947368,0.000000,,0.948413,0.952381,0.930233,0.032179,d2aeab4,1219c9b9743e
e244ee09c631,2026-09-08T00:53:36+00:00,s2,breast_cancer,logistic_regression,byzantine,label_flip,0.000000,1,10,non_iid,30,0.982456,0.982456,0.000000,,0.981151,0.976190,0.976190,0.031115,d2aeab4,1219c9b9743e
f38e6fa31e38,2026-09-08T00:53:36+00:00,s2,breast_cancer,logistic_regression,byzantine,label_flip,0.000000,2,10,non_iid,30,0.938596,0.938596,0.000000,,0.931548,0.904762,0.915663,0.032333,d2aeab4,1219c9b9743e
a9cab8bd4967,2026-09-08T00:53:36+00:00,s2,breast_cancer,logistic_regression,byzantine,label_flip,0.000000,3,10,non_iid,30,0.991228,0.991228,0.000000,,0.988095,0.976190,0.987952,0.031468,d2aeab4,1219c9b9743e
70d21d360b5a,2026-09-08T00:53:36+00:00,s2,breast_cancer,logistic_regression,byzantine,label_flip,0.000000,4,10,non_iid,30,0.938596,0.938596,0.000000,,0.921627,0.857143,0.911392,0.030922,d2aeab4,1219c9b9743e
072653f8d05b,2026-09-08T00:53:36+00:00,s2,breast_cancer,logistic_regression,byzantine,label_flip,0.100000,0,10,non_iid,30,0.947368,0.956140,-0.877193,,0.945437,0.904762,0.938272,0.051862,d2aeab4,4fc942d4f967
9736d3b71968,2026-09-08T00:53:36+00:00,s2,breast_cancer,logistic_regression,byzantine,label_flip,0.100000,1,10,non_iid,30,0.982456,0.929825,5.263158,,0.924603,0.904762,0.904762,0.053524,d2aeab4,4fc942d4f967
34a14395a6ff,2026-09-08T00:53:36+00:00,s2,breast_cancer,logistic_regression,byzantine,label_flip,0.100000,2,10,non_iid,30,0.938596,0.956140,-1.754386,,0.945437,0.904762,0.938272,0.052025,d2aeab4,4fc942d4f967
2d00ccc43861,2026-09-08T00:53:36+00:00,s2,breast_cancer,logistic_regression,byzantine,label_flip,0.100000,3,10,non_iid,30,0.991228,0.982456,0.877193,,0.976190,0.952381,0.975610,0.050341,d2aeab4,4fc942d4f967
3d3eb85b3cbb,2026-09-08T00:53:36+00:00,s2,breast_cancer,logistic_regression,byzantine,label_flip,0.100000,4,10,non_iid,30,0.938596,0.912281,2.631579,,0.880952,0.761905,0.864865,0.049812,d2aeab4,4fc942d4f967
504397bd5053,2026-09-08T00:53:36+00:00,s2,breast_cancer,logistic_regression,byzantine,label_flip,0.200000,0,10,non_iid,30,0.947368,0.938596,0.877193,,0.941468,0.952381,0.919540,0.052820,d2aeab4,81db184ba0c2
4aa1b9463e6c,2026-09-08T00:53:36+00:00,s2,breast_cancer,logistic_regression,byzantine,label_flip,0.200000,1,10,non_iid,30,0.982456,0.412281,57.017544,,0.346230,0.095238,0.106667,0.051633,d2aeab4,81db184ba0c2
1d9b27d11c77,2026-09-08T00:53:36+00:00,s2,breast_cancer,logistic_regression,byzantine,label_flip,0.200000,2,10,non_iid,30,0.938596,0.956140,-1.754386,,0.945437,0.904762,0.938272,0.054509,d2aeab4,81db184ba0c2
7de931abdb04,2026-09-08T00:53:37+00:00,s2,breast_cancer,logistic_regression,byzantine,label_flip,0.200000,3,10,non_iid,30,0.991228,0.745614,24.561404,,0.798611,1.000000,0.743363,0.050455,d2aeab4,81db184ba0c2
65238b2bd21c,2026-09-08T00:53:37+00:00,s2,breast_cancer,logistic_regression,byzantine,label_flip,0.200000,4,10,non_iid,30,0.938596,0.877193,6.140351,,0.833333,0.666667,0.800000,0.051373,d2aeab4,81db184ba0c2
ee46b814d308,2026-09-08T00:53:37+00:00,s2,breast_cancer,logistic_regression,byzantine,label_flip,0.300000,0,10,non_iid,30,0.947368,0.649123,29.824561,,0.523810,0.047619,0.090909,0.051596,d2aeab4,7dd14072979c
dfc76dc9e2f0,2026-09-08T00:53:37+00:00,s2,breast_cancer,logistic_regression,byzantine,label_flip,0.300000,1,10,non_iid,30,0.982456,0.342105,64.035088,,0.285714,0.071429,0.074074,0.053489,d2aeab4,7dd14072979c
94ffb61e36bf,2026-09-08T00:53:37+00:00,s2,breast_cancer,logistic_regression,byzantine,label_flip,0.300000,2,10,non_iid,30,0.938596,0.964912,-2.631579,,0.957341,0.928571,0.951220,0.054076,d2aeab4,7dd14072979c
e22042f2f12b,2026-09-08T00:53:37+00:00,s2,breast_cancer,logistic_regression,byzantine,label_flip,0.300000,3,10,non_iid,30,0.991228,0.692982,29.824561,,0.756944,1.000000,0.705882,0.050998,d2aeab4,7dd14072979c
966c4f0fc878,2026-09-08T00:53:37+00:00,s2,breast_cancer,logistic_regression,byzantine,label_flip,0.300000,4,10,non_iid,30,0.938596,0.842105,9.649123,,0.785714,0.571429,0.727273,0.050575,d2aeab4,7dd14072979c
9704d6bbdad0,2026-09-08T00:53:37+00:00,s2,breast_cancer,logistic_regression,byzantine,label_flip,0.400000,0,10,non_iid,30,0.947368,0.412281,53.508772,,0.336310,0.047619,0.056338,0.058330,d2aeab4,c18759bbbea7
7316046baf20,2026-09-08T00:53:37+00:00,s2,breast_cancer,logistic_regression,byzantine,label_flip,0.400000,1,10,non_iid,30,0.982456,0.333333,64.912281,,0.278770,0.071429,0.073171,0.062537,d2aeab4,c18759bbbea7
f8e35a82e33d,2026-09-08T00:53:37+00:00,s2,breast_cancer,logistic_regression,byzantine,label_flip,0.400000,2,10,non_iid,30,0.938596,0.964912,-2.631579,,0.957341,0.928571,0.951220,0.054194,d2aeab4,c18759bbbea7
51d9e524a314,2026-09-08T00:53:37+00:00,s2,breast_cancer,logistic_regression,byzantine,label_flip,0.400000,3,10,non_iid,30,0.991228,0.105263,88.596491,,0.132937,0.238095,0.163934,0.050613,d2aeab4,c18759bbbea7
ea5b9d8003bb,2026-09-08T00:53:37+00:00,s2,breast_cancer,logistic_regression,byzantine,label_flip,0.400000,4,10,non_iid,30,0.938596,0.815789,12.280702,,0.750000,0.500000,0.666667,0.051443,d2aeab4,c18759bbbea7
6cf5a25ef53c,2026-09-08T00:53:37+00:00,s2,breast_cancer,logistic_regression,byzantine,label_flip,0.500000,0,10,non_iid,30,0.947368,0.263158,68.421053,,0.213294,0.023810,0.023256,0.052217,d2aeab4,2b9c4232527d
68738e81ac97,2026-09-08T00:53:37+00:00,s2,breast_cancer,logistic_regression,byzantine,label_flip,0.500000,1,10,non_iid,30,0.982456,0.263158,71.929825,,0.213294,0.023810,0.023256,0.052051,d2aeab4,2b9c4232527d
308391e31128,2026-09-08T00:53:37+00:00,s2,breast_cancer,logistic_regression,byzantine,label_flip,0.500000,2,10,non_iid,30,0.938596,0.921053,1.754386,,0.897817,0.809524,0.883117,0.054264,d2aeab4,2b9c4232527d
4189b56c6fad,2026-09-08T00:53:37+00:00,s2,breast_cancer,logistic_regression,byzantine,label_flip,0.500000,3,10,non_iid,30,0.991228,0.105263,88.596491,,0.142857,0.285714,0.190476,0.050590,d2aeab4,2b9c4232527d
6f0b9c280c47,2026-09-08T00:53:37+00:00,s2,breast_cancer,logistic_regression,byzantine,label_flip,0.500000,4,10,non_iid,30,0.938596,0.491228,44.736842,,0.537698,0.714286,0.508475,0.051225,d2aeab4,2b9c4232527d
8a056276d1cc,2026-09-08T00:53:38+00:00,s2,digits,logistic_regression,byzantine,label_flip,0.000000,0,10,iid,30,0.952778,0.952778,0.000000,,0.952372,0.952372,0.952810,0.074912,d2aeab4,fb3ce0021b8d
9305ae7cec4e,2026-09-08T00:53:38+00:00,s2,digits,logistic_regression,byzantine,label_flip,0.000000,1,10,iid,30,0.963889,0.963889,0.000000,,0.963797,0.963797,0.963509,0.074006,d2aeab4,fb3ce0021b8d
4c9949f84f7f,2026-09-08T00:53:38+00:00,s2,digits,logistic_regression,byzantine,label_flip,0.000000,2,10,iid,30,0.958333,0.958333,0.000000,,0.958241,0.958241,0.958386,0.072935,d2aeab4,fb3ce0021b8d
32917064ef27,2026-09-08T00:53:38+00:00,s2,digits,logistic_regression,byzantine,label_flip,0.000000,3,10,iid,30,0.963889,0.963889,0.000000,,0.963951,0.963951,0.963895,0.073438,d2aeab4,fb3ce0021b8d
274daab48766,2026-09-08T00:53:38+00:00,s2,digits,logistic_regression,byzantine,label_flip,0.000000,4,10,iid,30,0.955556,0.955556,0.000000,,0.955221,0.955221,0.955193,0.074745,d2aeab4,fb3ce0021b8d
bdc9067da8cd,2026-09-08T00:53:38+00:00,s2,digits,logistic_regression,byzantine,label_flip,0.100000,0,10,iid,30,0.952778,0.961111,-0.833333,,0.960940,0.960940,0.961678,0.135760,d2aeab4,4f01ea3692f9
193bb006b8cd,2026-09-08T00:53:38+00:00,s2,digits,logistic_regression,byzantine,label_flip,0.100000,1,10,iid,30,0.963889,0.961111,0.277778,,0.960864,0.960864,0.960833,0.131487,d2aeab4,4f01ea3692f9
27664c572391,2026-09-08T00:53:38+00:00,s2,digits,logistic_regression,byzantine,label_flip,0.100000,2,10,iid,30,0.958333,0.944444,1.388889,,0.944269,0.944269,0.944629,0.132297,d2aeab4,4f01ea3692f9
80cdee4d5626,2026-09-08T00:53:38+00:00,s2,digits,logistic_regression,byzantine,label_flip,0.100000,3,10,iid,30,0.963889,0.955556,0.833333,,0.955689,0.955689,0.955459,0.130287,d2aeab4,4f01ea3692f9
12b00dc36294,2026-09-08T00:53:39+00:00,s2,digits,logistic_regression,byzantine,label_flip,0.100000,4,10,iid,30,0.955556,0.947222,0.833333,,0.947196,0.947196,0.947303,0.131315,d2aeab4,4f01ea3692f9
de62b54a40c9,2026-09-08T00:53:39+00:00,s2,digits,logistic_regression,byzantine,label_flip,0.200000,0,10,iid,30,0.952778,0.944444,0.833333,,0.944264,0.944264,0.944875,0.128890,d2aeab4,b06da246c43f
93ed852c8bc1,2026-09-08T00:53:39+00:00,s2,digits,logistic_regression,byzantine,label_flip,0.200000,1,10,iid,30,0.963889,0.947222,1.666667,,0.946817,0.946817,0.946698,0.130625,d2aeab4,b06da246c43f
9fa2e1452823,2026-09-08T00:53:39+00:00,s2,digits,logistic_regression,byzantine,label_flip,0.200000,2,10,iid,30,0.958333,0.936111,2.222222,,0.935618,0.935618,0.936168,0.132318,d2aeab4,b06da246c43f
668d7187cb31,2026-09-08T00:53:39+00:00,s2,digits,logistic_regression,byzantine,label_flip,0.200000,3,10,iid,30,0.963889,0.938889,2.500000,,0.938943,0.938943,0.939615,0.129853,d2aeab4,b06da246c43f
a8ba92b62646,2026-09-08T00:53:39+00:00,s2,digits,logistic_regression,byzantine,label_flip,0.200000,4,10,iid,30,0.955556,0.930556,2.500000,,0.930450,0.930450,0.930230,0.132422,d2aeab4,b06da246c43f
f383ab55d062,2026-09-08T00:53:39+00:00,s2,digits,logistic_regression,byzantine,label_flip,0.300000,0,10,iid,30,0.952778,0.922222,3.055556,,0.922117,0.922117,0.922561,0.129241,d2aeab4,aa16f3b2edfc
c9ebe6466736,2026-09-08T00:53:39+00:00,s2,digits,logistic_regression,byzantine,label_flip,0.300000,1,10,iid,30,0.963889,0.933333,3.055556,,0.933145,0.933145,0.932566,0.131503,d2aeab4,aa16f3b2edfc
600da8bd31ea,2026-09-08T00:53:40+00:00,s2,digits,logistic_regression,byzantine,label_flip,0.300000,2,10,iid,30,0.958333,0.925000,3.333333,,0.924352,0.924352,0.924236,0.133408,d2aeab4,aa16f3b2edfc
c3a8832b5ab4,2026-09-08T00:53:40+00:00,s2,digits,logistic_regression,byzantine,label_flip,0.300000,3,10,iid,30,0.963889,0.908333,5.555556,,0.908065,0.908065,0.908647,0.130918,d2aeab4,aa16f3b2edfc
a07ea6ef0839,2026-09-08T00:53:40+00:00,s2,digits,logistic_regression,byzantine,label_flip,0.300000,4,10,iid,30,0.955556,0.938889,1.666667,,0.938863,0.938863,0.938720,0.129060,d2aeab4,aa16f3b2edfc
9ec88118356d,2026-09-08T00:53:40+00:00,s2,digits,logistic_regression,byzantine,label_flip,0.400000,0,10,iid,30,0.952778,0.922222,3.055556,,0.922272,0.922272,0.923187,0.130705,d2aeab4,e13b26e37077
e138cffa0020,2026-09-08T00:53:40+00:00,s2,digits,logistic_regression,byzantine,label_flip,0.400000,1,10,iid,30,0.963889,0.925000,3.888889,,0.925041,0.925041,0.924903,0.130499,d2aeab4,e13b26e37077
ea98aa6405b0,2026-09-08T00:53:40+00:00,s2,digits,logistic_regression,byzantine,label_flip,0.400000,2,10,iid,30,0.958333,0.886111,7.222222,,0.885375,0.885375,0.884952,0.130099,d2aeab4,e13b26e37077
ce9e05632221,2026-09-08T00:53:40+00:00,s2,digits,logistic_regression,byzantine,label_flip,0.400000,3,10,iid,30,0.963889,0.911111,5.277778,,0.911073,0.911073,0.911325,0.129143,d2aeab4,e13b26e37077
e51a3df775e3,2026-09-08T00:53:41+00:00,s2,digits,logistic_regression,byzantine,label_flip,0.400000,4,10,iid,30,0.955556,0.905556,5.000000,,0.905137,0.905137,0.905383,0.131185,d2aeab4,e13b26e37077
0ee78958ddb7,2026-09-08T00:53:41+00:00,s2,digits,logistic_regression,byzantine,label_flip,0.500000,0,10,iid,30,0.952778,0.894444,5.833333,,0.894093,0.894093,0.895349,0.128443,d2aeab4,a8d20a89fc76
3405c83211ed,2026-09-08T00:53:41+00:00,s2,digits,logistic_regression,byzantine,label_flip,0.500000,1,10,iid,30,0.963889,0.880556,8.333333,,0.880667,0.880667,0.880264,0.129192,d2aeab4,a8d20a89fc76
f1b48c44e277,2026-09-08T00:53:41+00:00,s2,digits,logistic_regression,byzantine,label_flip,0.500000,2,10,iid,30,0.958333,0.861111,9.722222,,0.860517,0.860517,0.860636,0.128733,d2aeab4,a8d20a89fc76
cf557987abc5,2026-09-08T00:53:41+00:00,s2,digits,logistic_regression,byzantine,label_flip,0.500000,3,10,iid,30,0.963889,0.886111,7.777778,,0.885755,0.885755,0.886554,0.128841,d2aeab4,a8d20a89fc76
da98ba4b49fc,2026-09-08T00:53:41+00:00,s2,digits,logistic_regression,byzantine,label_flip,0.500000,4,10,iid,30,0.955556,0.861111,9.444444,,0.860905,0.860905,0.860369,0.129377,d2aeab4,a8d20a89fc76
b38972ba49ed,2026-09-08T00:53:41+00:00,s2,digits,logistic_regression,byzantine,label_flip,0.000000,0,10,non_iid,30,0.958333,0.958333,0.000000,,0.957932,0.957932,0.958457,0.072824,d2aeab4,ba71d847d5cd
d06b1139b09e,2026-09-08T00:53:41+00:00,s2,digits,logistic_regression,byzantine,label_flip,0.000000,1,10,non_iid,30,0.963889,0.963889,0.000000,,0.963797,0.963797,0.963509,0.072275,d2aeab4,ba71d847d5cd
699c2d98d6a9,2026-09-08T00:53:41+00:00,s2,digits,logistic_regression,byzantine,label_flip,0.000000,2,10,non_iid,30,0.966667,0.966667,0.000000,,0.966420,0.966420,0.966728,0.073343,d2aeab4,ba71d847d5cd
763fc54f0c08,2026-09-08T00:53:41+00:00,s2,digits,logistic_regression,byzantine,label_flip,0.000000,3,10,non_iid,30,0.963889,0.963889,0.000000,,0.963951,0.963951,0.963860,0.070794,d2aeab4,ba71d847d5cd
001654a90153,2026-09-08T00:53:42+00:00,s2,digits,logistic_regression,byzantine,label_flip,0.000000,4,10,non_iid,30,0.969444,0.969444,0.000000,,0.969427,0.969427,0.969367,0.073139,d2aeab4,ba71d847d5cd
625420e701cd,2026-09-08T00:53:42+00:00,s2,digits,logistic_regression,byzantine,label_flip,0.100000,0,10,non_iid,30,0.958333,0.944444,1.388889,,0.944269,0.944269,0.945132,0.131120,d2aeab4,daa3a806f1ce
1d3a9e996981,2026-09-08T00:53:42+00:00,s2,digits,logistic_regression,byzantine,label_flip,0.100000,1,10,non_iid,30,0.963889,0.961111,0.277778,,0.960706,0.960706,0.960188,0.130474,d2aeab4,daa3a806f1ce
962c8b26c2c3,2026-09-08T00:53:42+00:00,s2,digits,logistic_regression,byzantine,label_flip,0.100000,2,10,non_iid,30,0.966667,0.963889,0.277778,,0.963642,0.963642,0.964005,0.131473,d2aeab4,daa3a806f1ce
accebb522797,2026-09-08T00:53:42+00:00,s2,digits,logistic_regression,byzantine,label_flip,0.100000,3,10,non_iid,30,0.963889,0.961111,0.277778,,0.961248,0.961248,0.961118,0.129785,d2aeab4,daa3a806f1ce
721d493c439c,2026-09-08T00:53:42+00:00,s2,digits,logistic_regression,byzantine,label_flip,0.100000,4,10,non_iid,30,0.969444,0.961111,0.833333,,0.960860,0.960860,0.961232,0.133261,d2aeab4,daa3a806f1ce
4c0e23eb02e9,2026-09-08T00:53:42+00:00,s2,digits,logistic_regression,byzantine,label_flip,0.200000,0,10,non_iid,30,0.958333,0.927778,3.055556,,0.927209,0.927209,0.927636,0.128769,d2aeab4,ca6a1af2ba18
53e5318a6c7b,2026-09-08T00:53:43+00:00,s2,digits,logistic_regression,byzantine,label_flip,0.200000,1,10,non_iid,30,0.963889,0.930556,3.333333,,0.930513,0.930513,0.928638,0.133561,d2aeab4,ca6a1af2ba18
c0e551f7672d,2026-09-08T00:53:43+00:00,s2,digits,logistic_regression,byzantine,label_flip,0.200000,2,10,non_iid,30,0.966667,0.858333,10.833333,,0.858762,0.858762,0.846365,0.131166,d2aeab4,ca6a1af2ba18
83c25670a2f6,2026-09-08T00:53:43+00:00,s2,digits,logistic_regression,byzantine,label_flip,0.200000,3,10,non_iid,30,0.963889,0.958333,0.555556,,0.958471,0.958471,0.958378,0.131901,d2aeab4,ca6a1af2ba18
52107214388c,2026-09-08T00:53:43+00:00,s2,digits,logistic_regression,byzantine,label_flip,0.200000,4,10,non_iid,30,0.969444,0.855556,11.388889,,0.855937,0.855937,0.850530,0.139427,d2aeab4,ca6a1af2ba18
15831ab042fa,2026-09-08T00:53:43+00:00,s2,digits,logistic_regression,byzantine,label_flip,0.300000,0,10,non_iid,30,0.958333,0.858333,10.000000,,0.858498,0.858498,0.857090,0.131210,d2aeab4,4f5a31a17d95
7bc2e0c02ad1,2026-09-08T00:53:43+00:00,s2,digits,logistic_regression,byzantine,label_flip,0.300000,1,10,non_iid,30,0.963889,0.880556,8.333333,,0.880262,0.880262,0.875820,0.130953,d2aeab4,4f5a31a17d95
95bbd6badfee,2026-09-08T00:53:43+00:00,s2,digits,logistic_regression,byzantine,label_flip,0.300000,2,10,non_iid,30,0.966667,0.825000,14.166667,,0.826034,0.826034,0.805058,0.128658,d2aeab4,4f5a31a17d95
28fe0c18beff,2026-09-08T00:53:43+00:00,s2,digits,logistic_regression,byzantine,label_flip,0.300000,3,10,non_iid,30,0.963889,0.916667,4.722222,,0.916875,0.916875,0.911009,0.130690,d2aeab4,4f5a31a17d95
40b0d559d9b1,2026-09-08T00:53:44+00:00,s2,digits,logistic_regression,byzantine,label_flip,0.300000,4,10,non_iid,30,0.969444,0.844444,12.500000,,0.845215,0.845215,0.836391,0.137589,d2aeab4,4f5a31a17d95
51490579bda1,2026-09-08T00:53:44+00:00,s2,digits,logistic_regression,byzantine,label_flip,0.400000,0,10,non_iid,30,0.958333,0.683333,27.500000,,0.684065,0.684065,0.663706,0.130625,d2aeab4,7be1b3425021
f83f16beb919,2026-09-08T00:53:44+00:00,s2,digits,logistic_regression,byzantine,label_flip,0.400000,1,10,non_iid,30,0.963889,0.877778,8.611111,,0.877347,0.877347,0.871478,0.132841,d2aeab4,7be1b3425021
5ff78bf4f42f,2026-09-08T00:53:44+00:00,s2,digits,logistic_regression,byzantine,label_flip,0.400000,2,10,non_iid,30,0.966667,0.802778,16.388889,,0.803719,0.803719,0.782668,0.131154,d2aeab4,7be1b3425021
9de13f6ded3e,2026-09-08T00:53:44+00:00,s2,digits,logistic_regression,byzantine,label_flip,0.400000,3,10,non_iid,30,0.963889,0.891667,7.222222,,0.891712,0.891712,0.886354,0.127676,d2aeab4,7be1b3425021
752b15d45946,2026-09-08T00:53:44+00:00,s2,digits,logistic_regression,byzantine,label_flip,0.400000,4,10,non_iid,30,0.969444,0.805556,16.388889,,0.807222,0.807222,0.772496,0.133350,d2aeab4,7be1b3425021
e3406daa356a,2026-09-08T00:53:44+00:00,s2,digits,logistic_regression,byzantine,label_flip,0.500000,0,10,non_iid,30,0.958333,0.611111,34.722222,,0.612126,0.612126,0.569753,0.128796,d2aeab4,48922f6a290e
7bc4e44212d1,2026-09-08T00:53:45+00:00,s2,digits,logistic_regression,byzantine,label_flip,0.500000,1,10,non_iid,30,0.963889,0.805556,15.833333,,0.804848,0.804848,0.789913,0.134181,d2aeab4,48922f6a290e
410ae51da934,2026-09-08T00:53:45+00:00,s2,digits,logistic_regression,byzantine,label_flip,0.500000,2,10,non_iid,30,0.966667,0.780556,18.611111,,0.782402,0.782402,0.762299,0.130333,d2aeab4,48922f6a290e
73cb77827724,2026-09-08T00:53:45+00:00,s2,digits,logistic_regression,byzantine,label_flip,0.500000,3,10,non_iid,30,0.963889,0.847222,11.666667,,0.847722,0.847722,0.838829,0.134750,d2aeab4,48922f6a290e
6ea31967dc18,2026-09-08T00:53:45+00:00,s2,digits,logistic_regression,byzantine,label_flip,0.500000,4,10,non_iid,30,0.969444,0.786111,18.333333,,0.787778,0.787778,0.752389,0.133809,d2aeab4,48922f6a290e
c075b24150a6,2026-09-08T00:53:46+00:00,s2,breast_cancer,logistic_regression,byzantine,sign_flip,0.000000,0,10,iid,30,0.973684,0.973684,0.000000,,0.969246,0.952381,0.963855,0.036800,d2aeab4,aa47731ee39f
d12411291b10,2026-09-08T00:53:46+00:00,s2,breast_cancer,logistic_regression,byzantine,sign_flip,0.000000,1,10,iid,30,0.982456,0.982456,0.000000,,0.981151,0.976190,0.976190,0.032834,d2aeab4,aa47731ee39f
03449a9f6086,2026-09-08T00:53:46+00:00,s2,breast_cancer,logistic_regression,byzantine,sign_flip,0.000000,2,10,iid,30,0.964912,0.964912,0.000000,,0.962302,0.952381,0.952381,0.033106,d2aeab4,aa47731ee39f
26e8adb017de,2026-09-08T00:53:46+00:00,s2,breast_cancer,logistic_regression,byzantine,sign_flip,0.000000,3,10,iid,30,0.991228,0.991228,0.000000,,0.988095,0.976190,0.987952,0.032541,d2aeab4,aa47731ee39f
fd1a961d19c7,2026-09-08T00:53:46+00:00,s2,breast_cancer,logistic_regression,byzantine,sign_flip,0.000000,4,10,iid,30,0.956140,0.956140,0.000000,,0.945437,0.904762,0.938272,0.032426,d2aeab4,aa47731ee39f
9eecd30af43b,2026-09-08T00:53:46+00:00,s2,breast_cancer,logistic_regression,byzantine,sign_flip,0.100000,0,10,iid,30,0.973684,0.938596,3.508772,,0.931548,0.904762,0.915663,0.055449,d2aeab4,eff8dcff9e48
3786d64a2406,2026-09-08T00:53:47+00:00,s2,breast_cancer,logistic_regression,byzantine,sign_flip,0.100000,1,10,iid,30,0.982456,0.956140,2.631579,,0.950397,0.928571,0.939759,0.053755,d2aeab4,eff8dcff9e48
b9f809d0f551,2026-09-08T00:53:47+00:00,s2,breast_cancer,logistic_regression,byzantine,sign_flip,0.100000,2,10,iid,30,0.964912,0.956140,0.877193,,0.950397,0.928571,0.939759,0.056050,d2aeab4,eff8dcff9e48
6a7f3234c588,2026-09-08T00:53:47+00:00,s2,breast_cancer,logistic_regression,byzantine,sign_flip,0.100000,3,10,iid,30,0.991228,0.991228,0.000000,,0.988095,0.976190,0.987952,0.055028,d2aeab4,eff8dcff9e48
de9d4df421ec,2026-09-08T00:53:47+00:00,s2,breast_cancer,logistic_regression,byzantine,sign_flip,0.100000,4,10,iid,30,0.956140,0.938596,1.754386,,0.926587,0.880952,0.913580,0.055415,d2aeab4,eff8dcff9e48
5767570816c0,2026-09-08T00:53:47+00:00,s2,breast_cancer,logistic_regression,byzantine,sign_flip,0.200000,0,10,iid,30,0.973684,0.982456,-0.877193,,0.976190,0.952381,0.975610,0.053206,d2aeab4,cb696a501ea0
c4ea9995ddf6,2026-09-08T00:53:47+00:00,s2,breast_cancer,logistic_regression,byzantine,sign_flip,0.200000,1,10,iid,30,0.982456,0.947368,3.508772,,0.938492,0.904762,0.926829,0.056934,d2aeab4,cb696a501ea0
63706f35031d,2026-09-08T00:53:47+00:00,s2,breast_cancer,logistic_regression,byzantine,sign_flip,0.200000,2,10,iid,30,0.964912,0.964912,0.000000,,0.957341,0.928571,0.951220,0.055000,d2aeab4,cb696a501ea0
f02d88e462be,2026-09-08T00:53:47+00:00,s2,breast_cancer,logistic_regression,byzantine,sign_flip,0.200000,3,10,iid,30,0.991228,0.982456,0.877193,,0.976190,0.952381,0.975610,0.055071,d2aeab4,cb696a501ea0
9ff94556cd06,2026-09-08T00:53:47+00:00,s2,breast_cancer,logistic_regression,byzantine,sign_flip,0.200000,4,10,iid,30,0.956140,0.964912,-0.877193,,0.962302,0.952381,0.952381,0.056274,d2aeab4,cb696a501ea0
2896cab85c05,2026-09-08T00:53:47+00:00,s2,breast_cancer,logistic_regression,byzantine,sign_flip,0.300000,0,10,iid,30,0.973684,0.964912,0.877193,,0.962302,0.952381,0.952381,0.056643,d2aeab4,2dde099a719b
663db564e600,2026-09-08T00:53:47+00:00,s2,breast_cancer,logistic_regression,byzantine,sign_flip,0.300000,1,10,iid,30,0.982456,0.938596,4.385965,,0.931548,0.904762,0.915663,0.055412,d2aeab4,2dde099a719b
3128ed5840b6,2026-09-08T00:53:47+00:00,s2,breast_cancer,logistic_regression,byzantine,sign_flip,0.300000,2,10,iid,30,0.964912,0.973684,-0.877193,,0.964286,0.928571,0.962963,0.055811,d2aeab4,2dde099a719b
9d878d3b3315,2026-09-08T00:53:47+00:00,s2,breast_cancer,logistic_regression,byzantine,sign_flip,0.300000,3,10,iid,30,0.991228,0.938596,5.263158,,0.926587,0.880952,0.913580,0.054609,d2aeab4,2dde099a719b
3bc4074cd4b8,2026-09-08T00:53:47+00:00,s2,breast_cancer,logistic_regression,byzantine,sign_flip,0.300000,4,10,iid,30,0.956140,0.956140,0.000000,,0.950397,0.928571,0.939759,0.054616,d2aeab4,2dde099a719b
f9ce3bae5f29,2026-09-08T00:53:47+00:00,s2,breast_cancer,logistic_regression,byzantine,sign_flip,0.400000,0,10,iid,30,0.973684,0.973684,0.000000,,0.969246,0.952381,0.963855,0.056888,d2aeab4,01fbbf790dd3
c91192360694,2026-09-08T00:53:47+00:00,s2,breast_cancer,logistic_regression,byzantine,sign_flip,0.400000,1,10,iid,30,0.982456,0.885965,9.649123,,0.894841,0.928571,0.857143,0.055201,d2aeab4,01fbbf790dd3
0c6b12d7ca22,2026-09-08T00:53:47+00:00,s2,breast_cancer,logistic_regression,byzantine,sign_flip,0.400000,2,10,iid,30,0.964912,0.815789,14.912281,,0.814484,0.809524,0.764045,0.054539,d2aeab4,01fbbf790dd3
aaa24ea367c0,2026-09-08T00:53:48+00:00,s2,breast_cancer,logistic_regression,byzantine,sign_flip,0.400000,3,10,iid,30,0.991228,0.903509,8.771930,,0.903770,0.904762,0.873563,0.054446,d2aeab4,01fbbf790dd3
dc9d74c6ba4d,2026-09-08T00:53:48+00:00,s2,breast_cancer,logistic_regression,byzantine,sign_flip,0.400000,4,10,iid,30,0.956140,0.938596,1.754386,,0.931548,0.904762,0.915663,0.055494,d2aeab4,01fbbf790dd3
6107155e275e,2026-09-08T00:53:48+00:00,s2,breast_cancer,logistic_regression,byzantine,sign_flip,0.500000,0,10,iid,30,0.973684,0.508772,46.491228,,0.521825,0.571429,0.461538,0.055569,d2aeab4,8841f886ece8
2e4d94e97ccd,2026-09-08T00:53:48+00:00,s2,breast_cancer,logistic_regression,byzantine,sign_flip,0.500000,1,10,iid,30,0.982456,0.201754,78.070175,,0.224206,0.309524,0.222222,0.053352,d2aeab4,8841f886ece8
eaf5e73731dc,2026-09-08T00:53:48+00:00,s2,breast_cancer,logistic_regression,byzantine,sign_flip,0.500000,2,10,iid,30,0.964912,0.131579,83.333333,,0.143849,0.190476,0.139130,0.054755,d2aeab4,8841f886ece8
4de5d2cc01bb,2026-09-08T00:53:48+00:00,s2,breast_cancer,logistic_regression,byzantine,sign_flip,0.500000,3,10,iid,30,0.991228,0.131579,85.964912,,0.128968,0.119048,0.091743,0.056554,d2aeab4,8841f886ece8
23494ba61b95,2026-09-08T00:53:48+00:00,s2,breast_cancer,logistic_regression,byzantine,sign_flip,0.500000,4,10,iid,30,0.956140,0.377193,57.894737,,0.392857,0.452381,0.348624,0.054096,d2aeab4,8841f886ece8
1cade2e6386a,2026-09-08T00:53:48+00:00,s2,breast_cancer,logistic_regression,byzantine,sign_flip,0.000000,0,10,non_iid,30,0.947368,0.947368,0.000000,,0.948413,0.952381,0.930233,0.033746,d2aeab4,adfc0b92c6c4
c1b2f48df004,2026-09-08T00:53:48+00:00,s2,breast_cancer,logistic_regression,byzantine,sign_flip,0.000000,1,10,non_iid,30,0.982456,0.982456,0.000000,,0.981151,0.976190,0.976190,0.034187,d2aeab4,adfc0b92c6c4
0c9a6c1f4ae8,2026-09-08T00:53:48+00:00,s2,breast_cancer,logistic_regression,byzantine,sign_flip,0.000000,2,10,non_iid,30,0.938596,0.938596,0.000000,,0.931548,0.904762,0.915663,0.033861,d2aeab4,adfc0b92c6c4
7caf8c17c8e7,2026-09-08T00:53:48+00:00,s2,breast_cancer,logistic_regression,byzantine,sign_flip,0.000000,3,10,non_iid,30,0.991228,0.991228,0.000000,,0.988095,0.976190,0.987952,0.031671,d2aeab4,adfc0b92c6c4
8964fd3af7be,2026-09-08T00:53:48+00:00,s2,breast_cancer,logistic_regression,byzantine,sign_flip,0.000000,4,10,non_iid,30,0.938596,0.938596,0.000000,,0.921627,0.857143,0.911392,0.032471,d2aeab4,adfc0b92c6c4
c1b9e64ad462,2026-09-08T00:53:48+00:00,s2,breast_cancer,logistic_regression,byzantine,sign_flip,0.100000,0,10,non_iid,30,0.947368,0.947368,0.000000,,0.948413,0.952381,0.930233,0.053619,d2aeab4,91478e9c3974
492494dd4b41,2026-09-08T00:53:48+00:00,s2,breast_cancer,logistic_regression,byzantine,sign_flip,0.100000,1,10,non_iid,30,0.982456,0.973684,0.877193,,0.969246,0.952381,0.963855,0.054103,d2aeab4,91478e9c3974
49573be01375,2026-09-08T00:53:48+00:00,s2,breast_cancer,logistic_regression,byzantine,sign_flip,0.100000,2,10,non_iid,30,0.938596,0.938596,0.000000,,0.931548,0.904762,0.915663,0.054531,d2aeab4,91478e9c3974
f29e3a50d066,2026-09-08T00:53:48+00:00,s2,breast_cancer,logistic_regression,byzantine,sign_flip,0.100000,3,10,non_iid,30,0.991228,0.982456,0.877193,,0.976190,0.952381,0.975610,0.052904,d2aeab4,91478e9c3974
a467a3f74fea,2026-09-08T00:53:48+00:00,s2,breast_cancer,logistic_regression,byzantine,sign_flip,0.100000,4,10,non_iid,30,0.938596,0.956140,-1.754386,,0.945437,0.904762,0.938272,0.051863,d2aeab4,91478e9c3974
7b9ada0946f8,2026-09-08T00:53:48+00:00,s2,breast_cancer,logistic_regression,byzantine,sign_flip,0.200000,0,10,non_iid,30,0.947368,0.912281,3.508772,,0.920635,0.952381,0.888889,0.053331,d2aeab4,3d511976cb57
afcf34231e1c,2026-09-08T00:53:48+00:00,s2,breast_cancer,logistic_regression,byzantine,sign_flip,0.200000,1,10,non_iid,30,0.982456,0.078947,90.350877,,0.072421,0.047619,0.036697,0.052845,d2aeab4,3d511976cb57
b6c493b47f35,2026-09-08T00:53:48+00:00,s2,breast_cancer,logistic_regression,byzantine,sign_flip,0.200000,2,10,non_iid,30,0.938596,0.938596,0.000000,,0.931548,0.904762,0.915663,0.055265,d2aeab4,3d511976cb57
2c79796c2dc0,2026-09-08T00:53:49+00:00,s2,breast_cancer,logistic_regression,byzantine,sign_flip,0.200000,3,10,non_iid,30,0.991228,0.754386,23.684211,,0.770833,0.833333,0.714286,0.054216,d2aeab4,3d511976cb57
4b2e445a8faa,2026-09-08T00:53:49+00:00,s2,breast_cancer,logistic_regression,byzantine,sign_flip,0.200000,4,10,non_iid,30,0.938596,0.947368,-0.877193,,0.933532,0.880952,0.925000,0.052425,d2aeab4,3d511976cb57
04908b2440e1,2026-09-08T00:53:49+00:00,s2,breast_cancer,logistic_regression,byzantine,sign_flip,0.300000,0,10,non_iid,30,0.947368,0.508772,43.859649,,0.432540,0.142857,0.176471,0.052582,d2aeab4,a119e2b388fc
dc2477b9b6b4,2026-09-08T00:53:49+00:00,s2,breast_cancer,logistic_regression,byzantine,sign_flip,0.300000,1,10,non_iid,30,0.982456,0.052632,92.982456,,0.051587,0.047619,0.035714,0.052522,d2aeab4,a119e2b388fc
8ad5a8e8b028,2026-09-08T00:53:49+00:00,s2,breast_cancer,logistic_regression,byzantine,sign_flip,0.300000,2,10,non_iid,30,0.938596,0.938596,0.000000,,0.931548,0.904762,0.915663,0.055773,d2aeab4,a119e2b388fc
962f0a17dd79,2026-09-08T00:53:49+00:00,s2,breast_cancer,logistic_regression,byzantine,sign_flip,0.300000,3,10,non_iid,30,0.991228,0.736842,25.438596,,0.747024,0.785714,0.687500,0.052890,d2aeab4,a119e2b388fc
5c9bb5d88414,2026-09-08T00:53:49+00:00,s2,breast_cancer,logistic_regression,byzantine,sign_flip,0.300000,4,10,non_iid,30,0.938596,0.947368,-0.877193,,0.933532,0.880952,0.925000,0.055716,d2aeab4,a119e2b388fc
f72b7b3b5565,2026-09-08T00:53:49+00:00,s2,breast_cancer,logistic_regression,byzantine,sign_flip,0.400000,0,10,non_iid,30,0.947368,0.105263,84.210526,,0.083333,0.000000,0.000000,0.053312,d2aeab4,4cd4ba0458f2
12e004f76922,2026-09-08T00:53:49+00:00,s2,breast_cancer,logistic_regression,byzantine,sign_flip,0.400000,1,10,non_iid,30,0.982456,0.052632,92.982456,,0.051587,0.047619,0.035714,0.054946,d2aeab4,4cd4ba0458f2
367ed3a2aee0,2026-09-08T00:53:49+00:00,s2,breast_cancer,logistic_regression,byzantine,sign_flip,0.400000,2,10,non_iid,30,0.938596,0.938596,0.000000,,0.931548,0.904762,0.915663,0.054484,d2aeab4,4cd4ba0458f2
17a6988d623e,2026-09-08T00:53:49+00:00,s2,breast_cancer,logistic_regression,byzantine,sign_flip,0.400000,3,10,non_iid,30,0.991228,0.043860,94.736842,,0.044643,0.047619,0.035398,0.052681,d2aeab4,4cd4ba0458f2
4a6ee6c4315f,2026-09-08T00:53:49+00:00,s2,breast_cancer,logistic_regression,byzantine,sign_flip,0.400000,4,10,non_iid,30,0.938596,0.921053,1.754386,,0.907738,0.857143,0.888889,0.052890,d2aeab4,4cd4ba0458f2
ef75b59c2211,2026-09-08T00:53:49+00:00,s2,breast_cancer,logistic_regression,byzantine,sign_flip,0.500000,0,10,non_iid,30,0.947368,0.140351,80.701754,,0.125992,0.071429,0.057692,0.052424,d2aeab4,24ed78ce8d73
40b83723c0db,2026-09-08T00:53:49+00:00,s2,breast_cancer,logistic_regression,byzantine,sign_flip,0.500000,1,10,non_iid,30,0.982456,0.061404,92.105263,,0.058532,0.047619,0.036036,0.054478,d2aeab4,24ed78ce8d73
d684bd7a350d,2026-09-08T00:53:49+00:00,s2,breast_cancer,logistic_regression,byzantine,sign_flip,0.500000,2,10,non_iid,30,0.938596,0.956140,-1.754386,,0.945437,0.904762,0.938272,0.057785,d2aeab4,24ed78ce8d73
8a842a15123c,2026-09-08T00:53:49+00:00,s2,breast_cancer,logistic_regression,byzantine,sign_flip,0.500000,3,10,non_iid,30,0.991228,0.052632,93.859649,,0.051587,0.047619,0.035714,0.053188,d2aeab4,24ed78ce8d73
023a0ec4824f,2026-09-08T00:53:49+00:00,s2,breast_cancer,logistic_regression,byzantine,sign_flip,0.500000,4,10,non_iid,30,0.938596,0.359649,57.894737,,0.369048,0.404762,0.317757,0.053168,d2aeab4,24ed78ce8d73
