System,Metric,Breast Cancer,Digits,Wine
Clean ML,Acc.,97.0 ± 2.0,97.0 ± 0.7,98.9 ± 1.5
Poisoned ML,Drop,22.6 ± 2.7,11.2 ± 0.8,13.3 ± 6.0
Targeted-poisoned ML,Success,52.4 ± 5.6,28.3 ± 11.4,38.3 ± 7.5
Evaded ML,Success,93.7 ± 2.2,100.0 ± 0.0,95.5 ± 1.5
Backdoored ML (ARF),Success,93.8 ± 6.2,98.1 ± 1.2,95.5 ± 5.6
Stolen ML (ARF),Success,99.1 ± 0.6,97.5 ± 0.6,100.0 ± 0.0
Membership-inferred ML (ARF),Success,51.3 ± 2.1,51.5 ± 1.7,43.1 ± 6.0
Inverted ML (ARF),Success,70.5 ± 3.3,64.8 ± 1.5,88.0 ± 1.7
Clean FL,Acc.,97.4 ± 1.4,95.9 ± 0.5,99.4 ± 1.2
"Malicious FL, label flip",Drop,44.9 ± 8.5,8.2 ± 1.6,28.9 ± 7.2
"Malicious FL, sign flip",Drop,70.4 ± 17.3,87.4 ± 3.5,82.8 ± 13.4
"Malicious FL, targeted flip",Success,59.0 ± 6.6,33.9 ± 11.4,50.0 ± 13.2
Backdoored FL (ARF),Success,91.9 ± 6.0,97.5 ± 1.1,98.2 ± 2.5
Clean QML,Acc.,92.3 ± 1.4,68.6 ± 7.9,93.9 ± 2.3
Tampered QML,Success,57.9 ± 29.2,89.7 ± 6.5,73.2 ± 16.2
Shot-biased QML,Success,35.0 ± 2.4,87.1 ± 1.4,66.2 ± 3.2
Noisy QML,Success,23.4 ± 2.4,61.3 ± 3.7,37.8 ± 9.3
Transpiler drift QML (QTF · TSV),Success,43.0 ± 11.8,74.0 ± 10.3,44.7 ± 16.8
Transpiler swap QML (QTF · TSV),Success,58.2 ± 14.4,79.7 ± 10.6,46.0 ± 17.8
Backdoored QML (ARF),Success,81.9 ± 10.6,78.7 ± 8.8,88.2 ± 6.9
Stolen QML (ARF),Success,94.2 ± 1.3,59.8 ± 8.1,92.2 ± 5.7
Membership-inferred QML (ARF),Success,52.2 ± 2.0,49.3 ± 2.3,45.6 ± 8.1
Inverted QML (ARF),Success,65.5 ± 7.9,52.8 ± 7.0,86.2 ± 0.9
