scenario,dataset,model,attack,attack_mode,partition,intensity,clean_accuracy_mean,clean_accuracy_std,clean_accuracy_min,clean_accuracy_max,attacked_accuracy_mean,attacked_accuracy_std,attacked_accuracy_min,attacked_accuracy_max,accuracy_drop_pp_mean,accuracy_drop_pp_std,accuracy_drop_pp_min,accuracy_drop_pp_max,attack_success_rate_mean,attack_success_rate_std,attack_success_rate_min,attack_success_rate_max,balanced_accuracy_mean,balanced_accuracy_std,balanced_accuracy_min,balanced_accuracy_max,positive_recall_mean,positive_recall_std,positive_recall_min,positive_recall_max,f1_mean,f1_std,f1_min,f1_max,n,seeds
s1,breast_cancer,logistic_regression,evasion,fgsm,-,0.000000,0.970175,0.020195,0.938596,0.991228,0.970175,0.020195,0.938596,0.991228,0.000000,0.000000,0.000000,0.000000,,,,,0.963492,0.028037,0.916667,0.988095,0.938095,0.059761,0.833333,0.976190,0.957894,0.030356,0.909091,0.987952,5,"0,1,2,3,4"
s1,breast_cancer,logistic_regression,evasion,fgsm,-,0.100000,0.970175,0.020195,0.938596,0.991228,0.898246,0.035955,0.859649,0.929825,7.192983,2.587348,5.263158,11.403509,0.074258,0.026936,0.053571,0.117117,0.889682,0.041951,0.829365,0.929563,0.857143,0.082478,0.714286,0.928571,0.860413,0.052075,0.789474,0.906977,5,"0,1,2,3,4"
s1,breast_cancer,logistic_regression,evasion,fgsm,-,0.250000,0.970175,0.020195,0.938596,0.991228,0.742105,0.030765,0.692982,0.771930,22.807018,3.922926,17.543860,28.070175,0.234728,0.037900,0.186916,0.288288,0.748214,0.022441,0.717262,0.779762,0.771429,0.059761,0.666667,0.809524,0.688107,0.023712,0.660194,0.723404,5,"0,1,2,3,4"
s1,breast_cancer,logistic_regression,evasion,fgsm,-,0.500000,0.970175,0.020195,0.938596,0.991228,0.338596,0.041424,0.289474,0.385965,63.157895,5.752139,55.263158,69.298246,0.650361,0.048430,0.588785,0.705357,0.372222,0.038329,0.328373,0.422619,0.500000,0.055838,0.452381,0.595238,0.357516,0.032501,0.330579,0.413223,5,"0,1,2,3,4"
s1,breast_cancer,logistic_regression,evasion,fgsm,-,1.000000,0.970175,0.020195,0.938596,0.991228,0.061404,0.020572,0.043860,0.087719,90.877193,3.431159,85.087719,93.859649,0.936533,0.021992,0.906542,0.955357,0.083334,0.027919,0.059524,0.119048,0.166667,0.055838,0.119048,0.238095,0.115140,0.036289,0.084034,0.161290,5,"0,1,2,3,4"
s1,breast_cancer,logistic_regression,poisoning,symmetric,-,0.000000,0.970175,0.020195,0.938596,0.991228,0.970175,0.020195,0.938596,0.991228,0.000000,0.000000,0.000000,0.000000,,,,,0.963492,0.028037,0.916667,0.988095,0.938095,0.059761,0.833333,0.976190,0.957894,0.030356,0.909091,0.987952,5,"0,1,2,3,4"
s1,breast_cancer,logistic_regression,poisoning,symmetric,-,0.050000,0.970175,0.020195,0.938596,0.991228,0.950877,0.018190,0.929825,0.973684,1.929825,1.901709,-0.877193,4.385965,,,,,0.942262,0.019370,0.924603,0.964286,0.909524,0.035315,0.857143,0.952381,0.931769,0.024811,0.904762,0.962963,5,"0,1,2,3,4"
s1,breast_cancer,logistic_regression,poisoning,symmetric,-,0.100000,0.970175,0.020195,0.938596,0.991228,0.949123,0.019017,0.921053,0.964912,2.105263,0.784585,0.877193,2.631579,,,,,0.936905,0.027677,0.892857,0.957341,0.890476,0.062088,0.785714,0.928571,0.927156,0.030516,0.880000,0.951220,5,"0,1,2,3,4"
s1,breast_cancer,logistic_regression,poisoning,symmetric,-,0.200000,0.970175,0.020195,0.938596,0.991228,0.929825,0.029093,0.903509,0.964912,4.035088,2.815229,1.754386,7.894737,,,,,0.919643,0.029161,0.893849,0.952381,0.880952,0.037646,0.833333,0.928571,0.902779,0.039241,0.867470,0.950000,5,"0,1,2,3,4"
s1,breast_cancer,logistic_regression,poisoning,symmetric,-,0.300000,0.970175,0.020195,0.938596,0.991228,0.887719,0.019017,0.859649,0.903509,8.245614,3.258627,3.508772,12.280702,,,,,0.871429,0.016082,0.854167,0.893849,0.809524,0.033672,0.785714,0.857143,0.841944,0.022197,0.813953,0.867470,5,"0,1,2,3,4"
s1,breast_cancer,logistic_regression,poisoning,symmetric,-,0.400000,0.970175,0.020195,0.938596,0.991228,0.743860,0.016873,0.728070,0.771930,22.631579,2.732002,19.298246,25.438596,,,,,0.730754,0.021087,0.700397,0.759921,0.680953,0.052164,0.595238,0.714286,0.661423,0.028828,0.617284,0.697674,5,"0,1,2,3,4"
s1,breast_cancer,logistic_regression,poisoning,targeted,-,0.000000,0.970175,0.020195,0.938596,0.991228,0.970175,0.020195,0.938596,0.991228,0.000000,0.000000,0.000000,0.000000,,,,,0.963492,0.028037,0.916667,0.988095,0.938095,0.059761,0.833333,0.976190,0.957894,0.030356,0.909091,0.987952,5,"0,1,2,3,4"
s1,breast_cancer,logistic_regression,poisoning,targeted,-,0.050000,0.970175,0.020195,0.938596,0.991228,0.950877,0.014678,0.938596,0.973684,1.929825,1.143720,0.000000,2.631579,,,,,0.936310,0.019204,0.916667,0.964286,0.880952,0.037646,0.833333,0.928571,0.929344,0.022143,0.909091,0.962963,5,"0,1,2,3,4"
s1,breast_cancer,logistic_regression,poisoning,targeted,-,0.100000,0.970175,0.020195,0.938596,0.991228,0.943859,0.010001,0.929825,0.956140,2.631579,1.641078,0.877193,4.385965,,,,,0.925794,0.013628,0.904762,0.940476,0.857143,0.029160,0.809524,0.880952,0.918183,0.015886,0.894737,0.936709,5,"0,1,2,3,4"
s1,breast_cancer,logistic_regression,poisoning,targeted,-,0.200000,0.970175,0.020195,0.938596,0.991228,0.915790,0.022018,0.877193,0.929825,5.438597,0.960917,4.385965,6.140351,,,,,0.885714,0.029881,0.833333,0.904762,0.771429,0.059761,0.666667,0.809524,0.869895,0.039761,0.800000,0.894737,5,"0,1,2,3,4"
s1,breast_cancer,logistic_regression,poisoning,targeted,-,0.300000,0.970175,0.020195,0.938596,0.991228,0.870175,0.034757,0.824561,0.903509,10.000000,3.076435,6.140351,14.035088,,,,,0.823810,0.047171,0.761905,0.869048,0.647619,0.094341,0.523810,0.738095,0.782864,0.071250,0.687500,0.849315,5,"0,1,2,3,4"
s1,breast_cancer,logistic_regression,poisoning,targeted,-,0.400000,0.970175,0.020195,0.938596,0.991228,0.807018,0.020572,0.789474,0.833333,16.315790,2.370045,13.157895,19.298246,,,,,0.738095,0.027919,0.714286,0.773810,0.476190,0.055839,0.428571,0.547619,0.643629,0.050654,0.600000,0.707692,5,"0,1,2,3,4"
s1,digits,logistic_regression,evasion,fgsm,-,0.000000,0.970000,0.007454,0.963889,0.980556,0.970000,0.007454,0.963889,0.980556,0.000000,0.000000,0.000000,0.000000,,,,,0.969941,0.007471,0.963876,0.980547,0.969941,0.007471,0.963876,0.980547,0.970025,0.007467,0.963871,0.980609,5,"0,1,2,3,4"
s1,digits,logistic_regression,evasion,fgsm,-,0.100000,0.970000,0.007454,0.963889,0.980556,0.862222,0.015290,0.850000,0.888889,10.777778,1.380530,8.611111,12.222222,0.111111,0.014130,0.088319,0.124646,0.861886,0.015542,0.849013,0.888837,0.861886,0.015542,0.849013,0.888837,0.862423,0.015520,0.850425,0.889552,5,"0,1,2,3,4"
s1,digits,logistic_regression,evasion,fgsm,-,0.250000,0.970000,0.007454,0.963889,0.980556,0.472222,0.028532,0.436111,0.502778,49.777778,2.199537,47.222222,52.777778,0.513314,0.026049,0.484330,0.547550,0.472175,0.029072,0.435940,0.503185,0.472175,0.029072,0.435940,0.503185,0.483484,0.025422,0.454209,0.512213,5,"0,1,2,3,4"
s1,digits,logistic_regression,evasion,fgsm,-,0.500000,0.970000,0.007454,0.963889,0.980556,0.033889,0.010830,0.016667,0.044444,93.611111,1.162028,91.944444,94.722222,0.965077,0.011159,0.953890,0.982709,0.033921,0.010863,0.016667,0.044524,0.033921,0.010863,0.016667,0.044524,0.043288,0.011829,0.023767,0.054041,5,"0,1,2,3,4"
s1,digits,logistic_regression,evasion,fgsm,-,1.000000,0.970000,0.007454,0.963889,0.980556,0.000000,0.000000,0.000000,0.000000,97.000000,0.745356,96.388889,98.055556,1.000000,0.000000,1.000000,1.000000,0.000000,0.000000,0.000000,0.000000,0.000000,0.000000,0.000000,0.000000,0.000000,0.000000,0.000000,0.000000,5,"0,1,2,3,4"
s1,digits,logistic_regression,poisoning,symmetric,-,0.000000,0.970000,0.007454,0.963889,0.980556,0.970000,0.007454,0.963889,0.980556,0.000000,0.000000,0.000000,0.000000,,,,,0.969941,0.007471,0.963876,0.980547,0.969941,0.007471,0.963876,0.980547,0.970025,0.007467,0.963871,0.980609,5,"0,1,2,3,4"
s1,digits,logistic_regression,poisoning,symmetric,-,0.050000,0.970000,0.007454,0.963889,0.980556,0.928333,0.011007,0.913889,0.941667,4.166667,1.521452,2.777778,6.666667,,,,,0.928151,0.011016,0.913621,0.941641,0.928151,0.011016,0.913621,0.941641,0.928174,0.010809,0.913358,0.941051,5,"0,1,2,3,4"
s1,digits,logistic_regression,poisoning,symmetric,-,0.100000,0.970000,0.007454,0.963889,0.980556,0.916111,0.009501,0.902778,0.927778,5.388889,0.847109,4.444444,6.388889,,,,,0.915982,0.009687,0.902497,0.927973,0.915982,0.009687,0.902497,0.927973,0.915796,0.009772,0.901933,0.927443,5,"0,1,2,3,4"
s1,digits,logistic_regression,poisoning,symmetric,-,0.200000,0.970000,0.007454,0.963889,0.980556,0.900000,0.013749,0.880556,0.916667,7.000000,1.793765,5.555556,10.000000,,,,,0.899729,0.013442,0.880659,0.916015,0.899729,0.013442,0.880659,0.916015,0.899617,0.013788,0.880034,0.916500,5,"0,1,2,3,4"
s1,digits,logistic_regression,poisoning,symmetric,-,0.300000,0.970000,0.007454,0.963889,0.980556,0.887778,0.021118,0.852778,0.908333,8.222222,1.763397,6.666667,11.111111,,,,,0.887473,0.021206,0.852259,0.907986,0.887473,0.021206,0.852259,0.907986,0.887877,0.021530,0.851890,0.908348,5,"0,1,2,3,4"
s1,digits,logistic_regression,poisoning,symmetric,-,0.400000,0.970000,0.007454,0.963889,0.980556,0.858333,0.012108,0.844444,0.872222,11.166667,0.770802,10.277778,12.222222,,,,,0.858001,0.011821,0.844376,0.871403,0.858001,0.011821,0.844376,0.871403,0.857412,0.011434,0.844939,0.870649,5,"0,1,2,3,4"
s1,wine,logistic_regression,evasion,fgsm,-,0.000000,0.988889,0.015215,0.972222,1.000000,0.988889,0.015215,0.972222,1.000000,0.000000,0.000000,0.000000,0.000000,,,,,0.990476,0.013041,0.976190,1.000000,0.990476,0.013041,0.976190,1.000000,0.988712,0.015456,0.971781,1.000000,5,"0,1,2,3,4"
s1,wine,logistic_regression,evasion,fgsm,-,0.100000,0.988889,0.015215,0.972222,1.000000,0.966666,0.023241,0.944444,1.000000,2.222222,2.324056,0.000000,5.555556,0.022381,0.023291,0.000000,0.055556,0.971428,0.019920,0.952381,1.000000,0.971428,0.019920,0.952381,1.000000,0.966335,0.023374,0.944056,1.000000,5,"0,1,2,3,4"
s1,wine,logistic_regression,evasion,fgsm,-,0.250000,0.988889,0.015215,0.972222,1.000000,0.838889,0.060221,0.750000,0.888889,15.000000,4.648111,11.111111,22.222222,0.152222,0.049386,0.111111,0.228571,0.846032,0.058703,0.753175,0.900794,0.846032,0.058703,0.753175,0.900794,0.842318,0.061435,0.749888,0.894533,5,"0,1,2,3,4"
s1,wine,logistic_regression,evasion,fgsm,-,0.500000,0.988889,0.015215,0.972222,1.000000,0.583333,0.070819,0.527778,0.694444,40.555555,6.972167,30.555556,47.222222,0.410159,0.070137,0.305556,0.472222,0.587461,0.068126,0.530159,0.693651,0.587461,0.068126,0.530159,0.693651,0.589776,0.073064,0.523457,0.703092,5,"0,1,2,3,4"
s1,wine,logistic_regression,evasion,fgsm,-,1.000000,0.988889,0.015215,0.972222,1.000000,0.044445,0.015215,0.027778,0.055556,94.444444,1.964185,91.666667,97.222222,0.955079,0.015304,0.942857,0.972222,0.043651,0.014580,0.027778,0.055556,0.043651,0.014580,0.027778,0.055556,0.041018,0.013439,0.024691,0.055556,5,"0,1,2,3,4"
s1,wine,logistic_regression,poisoning,symmetric,-,0.000000,0.988889,0.015215,0.972222,1.000000,0.988889,0.015215,0.972222,1.000000,0.000000,0.000000,0.000000,0.000000,,,,,0.990476,0.013041,0.976190,1.000000,0.990476,0.013041,0.976190,1.000000,0.988712,0.015456,0.971781,1.000000,5,"0,1,2,3,4"
s1,wine,logistic_regression,poisoning,symmetric,-,0.050000,0.988889,0.015215,0.972222,1.000000,0.972222,0.034021,0.916667,1.000000,1.666667,4.212709,-2.777778,8.333333,,,,,0.974603,0.032433,0.920635,1.000000,0.974603,0.032433,0.920635,1.000000,0.972581,0.032937,0.919341,1.000000,5,"0,1,2,3,4"
s1,wine,logistic_regression,poisoning,symmetric,-,0.100000,0.988889,0.015215,0.972222,1.000000,0.977778,0.012423,0.972222,1.000000,1.111111,1.521452,0.000000,2.777778,,,,,0.979047,0.012418,0.966667,1.000000,0.979047,0.012418,0.966667,1.000000,0.978277,0.012236,0.970962,1.000000,5,"0,1,2,3,4"
s1,wine,logistic_regression,poisoning,symmetric,-,0.200000,0.988889,0.015215,0.972222,1.000000,0.905556,0.015215,0.888889,0.916667,8.333333,0.000000,8.333333,8.333333,,,,,0.911270,0.016821,0.891270,0.928571,0.911270,0.016821,0.891270,0.928571,0.907965,0.014592,0.889744,0.922039,5,"0,1,2,3,4"
s1,wine,logistic_regression,poisoning,symmetric,-,0.300000,0.988889,0.015215,0.972222,1.000000,0.838889,0.030429,0.805556,0.861111,15.000000,3.167154,11.111111,19.444444,,,,,0.846191,0.029708,0.814286,0.880952,0.846191,0.029708,0.814286,0.880952,0.837707,0.032045,0.800265,0.865492,5,"0,1,2,3,4"
s1,wine,logistic_regression,poisoning,symmetric,-,0.400000,0.988889,0.015215,0.972222,1.000000,0.855555,0.053431,0.805556,0.944444,13.333334,6.022079,2.777778,16.666667,,,,,0.853016,0.054809,0.810317,0.948413,0.853016,0.054809,0.810317,0.948413,0.855207,0.055529,0.804390,0.948413,5,"0,1,2,3,4"
s2,breast_cancer,logistic_regression,byzantine,label_flip,iid,0.000000,0.973684,0.013870,0.956140,0.991228,0.973684,0.013870,0.956140,0.991228,0.000000,0.000000,0.000000,0.000000,,,,,0.969246,0.016674,0.945437,0.988095,0.952381,0.029160,0.904762,0.976190,0.963730,0.019486,0.938272,0.987952,5,"0,1,2,3,4"
s2,breast_cancer,logistic_regression,byzantine,label_flip,iid,0.100000,0.973684,0.013870,0.956140,0.991228,0.959649,0.013303,0.938596,0.973684,1.403509,1.000154,0.000000,2.631579,,,,,0.948214,0.016383,0.921627,0.964286,0.904762,0.029160,0.857143,0.928571,0.942769,0.019597,0.911392,0.962963,5,"0,1,2,3,4"
s2,breast_cancer,logistic_regression,byzantine,label_flip,iid,0.200000,0.973684,0.013870,0.956140,0.991228,0.957894,0.011437,0.938596,0.964912,1.578947,1.301087,0.000000,3.508772,,,,,0.946825,0.017629,0.916667,0.957341,0.904762,0.041239,0.833333,0.928571,0.940205,0.018274,0.909091,0.951220,5,"0,1,2,3,4"
s2,breast_cancer,logistic_regression,byzantine,label_flip,iid,0.300000,0.973684,0.013870,0.956140,0.991228,0.945614,0.009609,0.929825,0.956140,2.807018,1.143720,1.754386,4.385965,,,,,0.936111,0.012363,0.914683,0.945437,0.900000,0.026082,0.857143,0.928571,0.924100,0.014288,0.900000,0.938272,5,"0,1,2,3,4"
s2,breast_cancer,logistic_regression,byzantine,label_flip,iid,0.400000,0.973684,0.013870,0.956140,0.991228,0.843860,0.046167,0.789474,0.912281,12.982456,5.385994,6.140351,19.298246,,,,,0.831746,0.040509,0.798611,0.890873,0.785714,0.090664,0.642857,0.880952,0.788633,0.053648,0.744681,0.871795,5,"0,1,2,3,4"
s2,breast_cancer,logistic_regression,byzantine,label_flip,iid,0.500000,0.973684,0.013870,0.956140,0.991228,0.524561,0.076321,0.473684,0.657895,44.912281,8.468434,29.824561,49.122807,,,,,0.541270,0.063223,0.489087,0.644841,0.604762,0.166326,0.380952,0.809524,0.479305,0.079845,0.367816,0.561798,5,"0,1,2,3,4"
s2,breast_cancer,logistic_regression,byzantine,label_flip,non_iid,0.000000,0.959649,0.025272,0.938596,0.991228,0.959649,0.025272,0.938596,0.991228,0.000000,0.000000,0.000000,0.000000,,,,,0.954167,0.029508,0.921627,0.988095,0.933333,0.051618,0.857143,0.976190,0.944286,0.035438,0.911392,0.987952,5,"0,1,2,3,4"
s2,breast_cancer,logistic_regression,byzantine,label_flip,non_iid,0.100000,0.959649,0.025272,0.938596,0.991228,0.947368,0.027037,0.912281,0.982456,1.228070,2.815229,-1.754386,5.263158,,,,,0.934524,0.035152,0.880952,0.976190,0.885714,0.072218,0.761905,0.952381,0.924356,0.041645,0.864865,0.975610,5,"0,1,2,3,4"
s2,breast_cancer,logistic_regression,byzantine,label_flip,non_iid,0.200000,0.959649,0.025272,0.938596,0.991228,0.785965,0.224637,0.412281,0.956140,17.368421,24.431045,-1.754386,57.017544,,,,,0.773016,0.247257,0.346230,0.945437,0.723810,0.374045,0.095238,1.000000,0.701568,0.342375,0.106667,0.938272,5,"0,1,2,3,4"
s2,breast_cancer,logistic_regression,byzantine,label_flip,non_iid,0.300000,0.959649,0.025272,0.938596,0.991228,0.698245,0.235098,0.342105,0.964912,26.140351,25.312756,-2.631579,64.035088,,,,,0.661905,0.260880,0.285714,0.957341,0.523810,0.453944,0.047619,1.000000,0.509872,0.401846,0.074074,0.951220,5,"0,1,2,3,4"
s2,breast_cancer,logistic_regression,byzantine,label_flip,non_iid,0.400000,0.959649,0.025272,0.938596,0.991228,0.526316,0.354857,0.105263,0.964912,43.333333,37.732556,-2.631579,88.596491,,,,,0.491072,0.347036,0.132937,0.957341,0.357143,0.366929,0.047619,0.928571,0.382266,0.404361,0.056338,0.951220,5,"0,1,2,3,4"
s2,breast_cancer,logistic_regression,byzantine,label_flip,non_iid,0.500000,0.959649,0.025272,0.938596,0.991228,0.408772,0.317709,0.105263,0.921053,55.087719,33.674386,1.754386,88.596491,,,,,0.400992,0.317261,0.142857,0.897817,0.371429,0.373665,0.023810,0.809524,0.325716,0.369239,0.023256,0.883117,5,"0,1,2,3,4"
s2,breast_cancer,logistic_regression,byzantine,sign_flip,iid,0.000000,0.973684,0.013870,0.956140,0.991228,0.973684,0.013870,0.956140,0.991228,0.000000,0.000000,0.000000,0.000000,,,,,0.969246,0.016674,0.945437,0.988095,0.952381,0.029160,0.904762,0.976190,0.963730,0.019486,0.938272,0.987952,5,"0,1,2,3,4"
s2,breast_cancer,logistic_regression,byzantine,sign_flip,iid,0.100000,0.973684,0.013870,0.956140,0.991228,0.956140,0.021487,0.938596,0.991228,1.754386,1.386964,0.000000,3.508772,,,,,0.949405,0.024179,0.926587,0.988095,0.923809,0.035315,0.880952,0.976190,0.939343,0.029949,0.913580,0.987952,5,"0,1,2,3,4"
s2,breast_cancer,logistic_regression,byzantine,sign_flip,iid,0.200000,0.973684,0.013870,0.956140,0.991228,0.968421,0.014678,0.947368,0.982456,0.526316,1.818986,-0.877193,3.508772,,,,,0.962103,0.015629,0.938492,0.976190,0.938095,0.021296,0.904762,0.952381,0.956330,0.020344,0.926829,0.975610,5,"0,1,2,3,4"
s2,breast_cancer,logistic_regression,byzantine,sign_flip,iid,0.300000,0.973684,0.013870,0.956140,0.991228,0.954386,0.015692,0.938596,0.973684,1.929825,2.732002,-0.877193,5.263158,,,,,0.947024,0.017320,0.926587,0.964286,0.919047,0.027147,0.880952,0.952381,0.936869,0.021920,0.913580,0.962963,5,"0,1,2,3,4"
s2,breast_cancer,logistic_regression,byzantine,sign_flip,iid,0.400000,0.973684,0.013870,0.956140,0.991228,0.903509,0.059494,0.815789,0.973684,7.017544,6.108942,0.000000,14.912281,,,,,0.902778,0.057240,0.814484,0.969246,0.900000,0.054294,0.809524,0.952381,0.874854,0.074466,0.764045,0.963855,5,"0,1,2,3,4"
s2,breast_cancer,logistic_regression,byzantine,sign_flip,iid,0.500000,0.973684,0.013870,0.956140,0.991228,0.270175,0.166943,0.131579,0.508772,70.350877,17.294277,46.491228,85.964912,,,,,0.282341,0.170036,0.128968,0.521825,0.328572,0.185501,0.119048,0.571429,0.252651,0.152109,0.091743,0.461538,5,"0,1,2,3,4"
s2,breast_cancer,logistic_regression,byzantine,sign_flip,non_iid,0.000000,0.959649,0.025272,0.938596,0.991228,0.959649,0.025272,0.938596,0.991228,0.000000,0.000000,0.000000,0.000000,,,,,0.954167,0.029508,0.921627,0.988095,0.933333,0.051618,0.857143,0.976190,0.944286,0.035438,0.911392,0.987952,5,"0,1,2,3,4"
s2,breast_cancer,logistic_regression,byzantine,sign_flip,non_iid,0.100000,0.959649,0.025272,0.938596,0.991228,0.959649,0.018190,0.938596,0.982456,0.000000,1.074338,-1.754386,0.877193,,,,,0.954167,0.018257,0.931548,0.976190,0.933333,0.026082,0.904762,0.952381,0.944727,0.024577,0.915663,0.975610,5,"0,1,2,3,4"
s2,breast_cancer,logistic_regression,byzantine,sign_flip,non_iid,0.200000,0.959649,0.025272,0.938596,0.991228,0.726316,0.370265,0.078947,0.947368,23.333333,38.778478,-0.877193,90.350877,,,,,0.725794,0.371611,0.072421,0.933532,0.723809,0.380431,0.047619,0.952381,0.696107,0.378455,0.036697,0.925000,5,"0,1,2,3,4"
s2,breast_cancer,logistic_regression,byzantine,sign_flip,non_iid,0.300000,0.959649,0.025272,0.938596,0.991228,0.636842,0.372554,0.052632,0.947368,32.280702,38.752674,-0.877193,92.982456,,,,,0.619246,0.377403,0.051587,0.933532,0.552381,0.421032,0.047619,0.904762,0.548070,0.417503,0.035714,0.925000,5,"0,1,2,3,4"
s2,breast_cancer,logistic_regression,byzantine,sign_flip,non_iid,0.400000,0.959649,0.025272,0.938596,0.991228,0.412281,0.473074,0.043860,0.938596,54.736842,49.332260,0.000000,94.736842,,,,,0.403770,0.471227,0.044643,0.931548,0.371429,0.465840,0.000000,0.904762,0.375133,0.481526,0.000000,0.915663,5,"0,1,2,3,4"
s2,breast_cancer,logistic_regression,byzantine,sign_flip,non_iid,0.500000,0.959649,0.025272,0.938596,0.991228,0.314035,0.379704,0.052632,0.956140,64.561403,39.748556,-1.754386,93.859649,,,,,0.310119,0.377869,0.051587,0.945437,0.295238,0.372906,0.047619,0.904762,0.277094,0.388368,0.035714,0.938272,5,"0,1,2,3,4"
s2,digits,logistic_regression,byzantine,label_flip,iid,0.000000,0.958889,0.004969,0.952778,0.963889,0.958889,0.004969,0.952778,0.963889,0.000000,0.000000,0.000000,0.000000,,,,,0.958716,0.005146,0.952372,0.963951,0.958716,0.005146,0.952372,0.963951,0.958759,0.004929,0.952810,0.963895,5,"0,1,2,3,4"
s2,digits,logistic_regression,byzantine,label_flip,iid,0.100000,0.958889,0.004969,0.952778,0.963889,0.953889,0.007758,0.944444,0.961111,0.500000,0.842542,-0.833333,1.388889,,,,,0.953792,0.007728,0.944269,0.960940,0.953792,0.007728,0.944269,0.960940,0.953980,0.007753,0.944629,0.961678,5,"0,1,2,3,4"
s2,digits,logistic_regression,byzantine,label_flip,iid,0.200000,0.958889,0.004969,0.952778,0.963889,0.939444,0.006632,0.930556,0.947222,1.944444,0.708197,0.833333,2.500000,,,,,0.939218,0.006579,0.930450,0.946817,0.939218,0.006579,0.930450,0.946817,0.939517,0.006666,0.930230,0.946698,5,"0,1,2,3,4"
s2,digits,logistic_regression,byzantine,label_flip,iid,0.300000,0.958889,0.004969,0.952778,0.963889,0.925555,0.011687,0.908333,0.938889,3.333334,1.402709,1.666667,5.555556,,,,,0.925308,0.011764,0.908065,0.938863,0.925308,0.011764,0.908065,0.938863,0.925346,0.011389,0.908647,0.938720,5,"0,1,2,3,4"
s2,digits,logistic_regression,byzantine,label_flip,iid,0.400000,0.958889,0.004969,0.952778,0.963889,0.910000,0.015541,0.886111,0.925000,4.888889,1.578697,3.055556,7.222222,,,,,0.909780,0.015873,0.885375,0.925041,0.909780,0.015873,0.885375,0.925041,0.909950,0.016175,0.884952,0.924903,5,"0,1,2,3,4"
s2,digits,logistic_regression,byzantine,label_flip,iid,0.500000,0.958889,0.004969,0.952778,0.963889,0.876667,0.015036,0.861111,0.894444,8.222222,1.554067,5.833333,9.722222,,,,,0.876387,0.015092,0.860517,0.894093,0.876387,0.015092,0.860517,0.894093,0.876634,0.015671,0.860369,0.895349,5,"0,1,2,3,4"
s2,digits,logistic_regression,byzantine,label_flip,non_iid,0.000000,0.964444,0.004120,0.958333,0.969444,0.964444,0.004120,0.958333,0.969444,0.000000,0.000000,0.000000,0.000000,,,,,0.964305,0.004234,0.957932,0.969427,0.964305,0.004234,0.957932,0.969427,0.964384,0.004077,0.958457,0.969367,5,"0,1,2,3,4"
s2,digits,logistic_regression,byzantine,label_flip,non_iid,0.100000,0.964444,0.004120,0.958333,0.969444,0.958333,0.007857,0.944444,0.963889,0.611111,0.496904,0.277778,1.388889,,,,,0.958145,0.007847,0.944269,0.963642,0.958145,0.007847,0.944269,0.963642,0.958335,0.007517,0.945132,0.964005,5,"0,1,2,3,4"
s2,digits,logistic_regression,byzantine,label_flip,non_iid,0.200000,0.964444,0.004120,0.958333,0.969444,0.906111,0.046456,0.855556,0.958333,5.833333,4.941791,0.555556,11.388889,,,,,0.906178,0.046210,0.855937,0.958471,0.906178,0.046210,0.855937,0.958471,0.902309,0.050718,0.846365,0.958378,5,"0,1,2,3,4"
s2,digits,logistic_regression,byzantine,label_flip,non_iid,0.300000,0.964444,0.004120,0.958333,0.969444,0.865000,0.035279,0.825000,0.916667,9.944444,3.681997,4.722222,14.166667,,,,,0.865377,0.034912,0.826034,0.916875,0.865377,0.034912,0.826034,0.916875,0.857074,0.039981,0.805058,0.911009,5,"0,1,2,3,4"
s2,digits,logistic_regression,byzantine,label_flip,non_iid,0.400000,0.964444,0.004120,0.958333,0.969444,0.812222,0.082697,0.683333,0.891667,15.222222,8.080421,7.222222,27.500000,,,,,0.812813,0.082280,0.684065,0.891712,0.812813,0.082280,0.684065,0.891712,0.795340,0.089569,0.663706,0.886354,5,"0,1,2,3,4"
s2,digits,logistic_regression,byzantine,label_flip,non_iid,0.500000,0.964444,0.004120,0.958333,0.969444,0.766111,0.090510,0.611111,0.847222,19.833333,8.776635,11.666667,34.722222,,,,,0.766975,0.090282,0.612126,0.847722,0.766975,0.090282,0.612126,0.847722,0.742637,0.102297,0.569753,0.838829,5,"0,1,2,3,4"
s3,breast_cancer,quantum_net,circuit_tamper,rx_half_pi,-,0.000000,0.922807,0.014413,0.912281,0.938596,0.922807,0.014413,0.912281,0.938596,0.000000,0.000000,0.000000,0.000000,,,,,0.913095,0.019168,0.890873,0.936508,0.876190,0.061629,0.809524,0.952381,0.892945,0.020834,0.871795,0.917647,5,"0,1,2,3,4"
s3,breast_cancer,quantum_net,circuit_tamper,rx_half_pi,-,1.000000,0.922807,0.014413,0.912281,0.938596,0.715790,0.257064,0.280702,0.929825,20.701755,25.412873,-1.754386,63.157895,0.249766,0.279261,0.028846,0.721154,0.696627,0.265960,0.237103,0.924603,0.623810,0.358489,0.071429,0.976190,0.624204,0.322949,0.068182,0.904762,5,"0,1,2,3,4"
s3,breast_cancer,quantum_net,circuit_tamper,rx_half_pi,-,2.000000,0.922807,0.014413,0.912281,0.938596,0.678947,0.289181,0.175439,0.885965,24.385965,28.325321,2.631579,73.684211,0.305859,0.319409,0.086538,0.865385,0.632738,0.271373,0.183532,0.884921,0.457143,0.280407,0.190476,0.880952,0.532790,0.283403,0.160714,0.850575,5,"0,1,2,3,4"
s3,breast_cancer,quantum_net,circuit_tamper,rx_half_pi,-,4.000000,0.922807,0.014413,0.912281,0.938596,0.368421,0.268298,0.122807,0.824561,55.438597,26.017313,11.403509,78.947368,0.644716,0.298846,0.140187,0.913462,0.396825,0.243131,0.136905,0.761905,0.504762,0.354514,0.119048,0.952381,0.376748,0.250452,0.105263,0.687500,5,"0,1,2,3,4"
s3,breast_cancer,quantum_net,circuit_tamper,rx_half_pi,-,8.000000,0.922807,0.014413,0.912281,0.938596,0.356140,0.283199,0.131579,0.833333,56.666667,27.366453,10.526316,78.070175,0.660370,0.314582,0.140187,0.923077,0.392063,0.252839,0.178571,0.788690,0.528571,0.277358,0.309524,0.976190,0.397853,0.224492,0.232558,0.732394,5,"0,1,2,3,4"
s3,breast_cancer,quantum_net,circuit_tamper,rx_half_pi,-,16.000000,0.922807,0.014413,0.912281,0.938596,0.426316,0.279438,0.078947,0.798246,49.649123,28.977921,11.403509,85.964912,0.579241,0.292181,0.211538,0.934579,0.439683,0.235124,0.087302,0.746032,0.490476,0.408803,0.023810,0.928571,0.355156,0.275567,0.042553,0.666667,5,"0,1,2,3,4"
s3,breast_cancer,quantum_net,noise,depolarizing_readout,-,0.000000,0.922807,0.014413,0.912281,0.938596,0.922807,0.014413,0.912281,0.938596,0.000000,0.000000,0.000000,0.000000,,,,,0.913095,0.019168,0.890873,0.936508,0.876190,0.061629,0.809524,0.952381,0.892945,0.020834,0.871795,0.917647,5,"0,1,2,3,4"
s3,breast_cancer,quantum_net,noise,depolarizing_readout,-,0.005000,0.922807,0.014413,0.912281,0.938596,0.921053,0.027037,0.885965,0.956140,0.175439,2.660658,-1.754386,3.508772,0.036107,0.010328,0.028037,0.048077,0.911706,0.031885,0.865079,0.950397,0.876190,0.054294,0.785714,0.928571,0.890598,0.039370,0.835443,0.939759,5,"0,1,2,3,4"
s3,breast_cancer,quantum_net,noise,depolarizing_readout,-,0.010000,0.922807,0.014413,0.912281,0.938596,0.915790,0.020194,0.894737,0.938596,0.701754,2.660658,-2.631579,4.385965,0.041769,0.010507,0.028846,0.056075,0.905556,0.023544,0.872024,0.931548,0.866667,0.049373,0.785714,0.904762,0.883280,0.028916,0.846154,0.915663,5,"0,1,2,3,4"
s3,breast_cancer,quantum_net,noise,depolarizing_readout,-,0.020000,0.922807,0.014413,0.912281,0.938596,0.910526,0.025119,0.877193,0.938596,1.228070,3.199050,-2.631579,6.140351,0.047376,0.017131,0.028846,0.074766,0.907341,0.024347,0.877976,0.931548,0.895238,0.027147,0.857143,0.928571,0.880883,0.031859,0.840909,0.915663,5,"0,1,2,3,4"
s3,breast_cancer,quantum_net,noise,depolarizing_readout,-,0.050000,0.922807,0.014413,0.912281,0.938596,0.861404,0.048603,0.807018,0.921053,6.140351,5.000770,0.877193,13.157895,0.108322,0.035252,0.065421,0.158879,0.869444,0.049532,0.817460,0.927579,0.900000,0.063888,0.809524,0.952381,0.827613,0.058902,0.765957,0.898876,5,"0,1,2,3,4"
s3,breast_cancer,quantum_net,noise,depolarizing_readout,-,0.100000,0.922807,0.014413,0.912281,0.938596,0.750877,0.029487,0.710526,0.789474,17.192983,3.317135,14.912281,22.807018,0.233842,0.024360,0.205607,0.261682,0.790873,0.024396,0.750992,0.813492,0.942857,0.043252,0.904762,1.000000,0.736450,0.024159,0.697248,0.760000,5,"0,1,2,3,4"
s3,breast_cancer,quantum_net,shot_bias,forged_bitstring,-,0.000000,0.922807,0.014413,0.912281,0.938596,0.922807,0.014413,0.912281,0.938596,0.000000,0.000000,0.000000,0.000000,,,,,0.913095,0.019168,0.890873,0.936508,0.876190,0.061629,0.809524,0.952381,0.892945,0.020834,0.871795,0.917647,5,"0,1,2,3,4"
s3,breast_cancer,quantum_net,shot_bias,forged_bitstring,-,0.050000,0.922807,0.014413,0.912281,0.938596,0.857895,0.028694,0.815789,0.885965,6.491228,3.317135,2.631579,9.649123,0.100629,0.028221,0.067308,0.140187,0.809127,0.038426,0.754960,0.850198,0.623810,0.076041,0.523810,0.714286,0.761745,0.058955,0.676923,0.821918,5,"0,1,2,3,4"
s3,breast_cancer,quantum_net,shot_bias,forged_bitstring,-,0.100000,0.922807,0.014413,0.912281,0.938596,0.735088,0.039910,0.675439,0.780702,18.771930,5.285042,13.157895,26.315789,0.235226,0.050967,0.182692,0.317757,0.641468,0.054805,0.559524,0.702381,0.285714,0.111677,0.119048,0.404762,0.432724,0.141461,0.212766,0.576271,5,"0,1,2,3,4"
s3,breast_cancer,quantum_net,shot_bias,forged_bitstring,-,0.200000,0.922807,0.014413,0.912281,0.938596,0.643860,0.010002,0.631579,0.657895,27.894736,2.270558,25.438596,30.701754,0.336395,0.032397,0.298077,0.375000,0.516667,0.013573,0.500000,0.535714,0.033334,0.027147,0.000000,0.071429,0.063453,0.050590,0.000000,0.133333,5,"0,1,2,3,4"
s3,breast_cancer,quantum_net,shot_bias,forged_bitstring,-,0.300000,0.922807,0.014413,0.912281,0.938596,0.631579,0.000000,0.631579,0.631579,29.122807,1.441375,28.070175,30.701754,0.349802,0.024007,0.326923,0.384615,0.500000,0.000000,0.500000,0.500000,0.000000,0.000000,0.000000,0.000000,0.000000,0.000000,0.000000,0.000000,5,"0,1,2,3,4"
s3,breast_cancer,quantum_net,shot_bias,forged_bitstring,-,0.400000,0.922807,0.014413,0.912281,0.938596,0.631579,0.000000,0.631579,0.631579,29.122807,1.441375,28.070175,30.701754,0.349802,0.024007,0.326923,0.384615,0.500000,0.000000,0.500000,0.500000,0.000000,0.000000,0.000000,0.000000,0.000000,0.000000,0.000000,0.000000,5,"0,1,2,3,4"
s3,wine,quantum_net,circuit_tamper,rx_half_pi,-,0.000000,0.938889,0.023240,0.916667,0.972222,0.938889,0.023240,0.916667,0.972222,0.000000,0.000000,0.000000,0.000000,,,,,0.941746,0.022487,0.915079,0.972222,0.941746,0.022487,0.915079,0.972222,0.942069,0.022898,0.919312,0.974013,5,"0,1,2,3,4"
s3,wine,quantum_net,circuit_tamper,rx_half_pi,-,1.000000,0.938889,0.023240,0.916667,0.972222,0.827778,0.184675,0.500000,0.944444,11.111111,20.506699,-2.777778,47.222222,0.132615,0.200093,0.000000,0.485714,0.826349,0.196495,0.476190,0.938889,0.826349,0.196495,0.476190,0.938889,0.808540,0.235480,0.388889,0.945741,5,"0,1,2,3,4"
s3,wine,quantum_net,circuit_tamper,rx_half_pi,-,2.000000,0.938889,0.023240,0.916667,0.972222,0.788889,0.223607,0.416667,0.972222,15.000000,24.024165,-5.555556,55.555556,0.174357,0.236564,0.000000,0.571429,0.783810,0.244643,0.366667,0.966667,0.783810,0.244643,0.366667,0.966667,0.758407,0.295094,0.251082,0.970962,5,"0,1,2,3,4"
s3,wine,quantum_net,circuit_tamper,rx_half_pi,-,4.000000,0.938889,0.023240,0.916667,0.972222,0.500000,0.085617,0.388889,0.611111,43.888889,10.281531,30.555556,55.555556,0.501630,0.090980,0.393939,0.617647,0.463333,0.105432,0.333333,0.604762,0.463333,0.105432,0.333333,0.604762,0.398749,0.152462,0.207407,0.609336,5,"0,1,2,3,4"
s3,wine,quantum_net,circuit_tamper,rx_half_pi,-,8.000000,0.938889,0.023240,0.916667,0.972222,0.355556,0.095015,0.222222,0.472222,58.333333,9.419903,47.222222,69.444444,0.645343,0.097078,0.529412,0.787879,0.315238,0.088089,0.190476,0.433333,0.315238,0.088089,0.190476,0.433333,0.250183,0.069862,0.190476,0.356745,5,"0,1,2,3,4"
s3,wine,quantum_net,circuit_tamper,rx_half_pi,-,16.000000,0.938889,0.023240,0.916667,0.972222,0.277778,0.166667,0.027778,0.416667,66.111111,18.044868,50.000000,94.444444,0.732076,0.161529,0.588235,0.971429,0.242698,0.144547,0.023810,0.366667,0.242698,0.144547,0.023810,0.366667,0.169473,0.092674,0.019608,0.251082,5,"0,1,2,3,4"
s3,wine,quantum_net,noise,depolarizing_readout,-,0.000000,0.938889,0.023240,0.916667,0.972222,0.938889,0.023240,0.916667,0.972222,0.000000,0.000000,0.000000,0.000000,,,,,0.941746,0.022487,0.915079,0.972222,0.941746,0.022487,0.915079,0.972222,0.942069,0.022898,0.919312,0.974013,5,"0,1,2,3,4"
s3,wine,quantum_net,noise,depolarizing_readout,-,0.005000,0.938889,0.023240,0.916667,0.972222,0.944444,0.027778,0.916667,0.972222,-0.555556,2.324056,-2.777778,2.777778,0.005882,0.013153,0.000000,0.029412,0.945397,0.027666,0.915079,0.976190,0.945397,0.027666,0.915079,0.976190,0.946717,0.027214,0.919312,0.974321,5,"0,1,2,3,4"
s3,wine,quantum_net,noise,depolarizing_readout,-,0.010000,0.938889,0.023240,0.916667,0.972222,0.944444,0.027778,0.916667,0.972222,-0.555556,2.324056,-2.777778,2.777778,0.005882,0.013153,0.000000,0.029412,0.945397,0.027666,0.915079,0.976190,0.945397,0.027666,0.915079,0.976190,0.946717,0.027214,0.919312,0.974321,5,"0,1,2,3,4"
s3,wine,quantum_net,noise,depolarizing_readout,-,0.020000,0.938889,0.023240,0.916667,0.972222,0.938889,0.012422,0.916667,0.944444,0.000000,2.777778,-2.777778,2.777778,0.017479,0.015960,0.000000,0.029412,0.939048,0.013956,0.915079,0.948413,0.939048,0.013956,0.915079,0.948413,0.942048,0.012264,0.920196,0.948413,5,"0,1,2,3,4"
s3,wine,quantum_net,noise,depolarizing_readout,-,0.050000,0.938889,0.023240,0.916667,0.972222,0.883333,0.030429,0.833333,0.916667,5.555556,4.392052,0.000000,11.111111,0.076501,0.044053,0.030303,0.147059,0.879365,0.033733,0.822222,0.911111,0.879365,0.033733,0.822222,0.911111,0.886945,0.030141,0.837473,0.919895,5,"0,1,2,3,4"
s3,wine,quantum_net,noise,depolarizing_readout,-,0.100000,0.938889,0.023240,0.916667,0.972222,0.605555,0.081933,0.472222,0.694444,33.333333,9.212847,22.222222,47.222222,0.378029,0.093388,0.272727,0.529412,0.576349,0.091355,0.427778,0.665079,0.576349,0.091355,0.427778,0.665079,0.532367,0.114920,0.360975,0.678679,5,"0,1,2,3,4"
s3,wine,quantum_net,shot_bias,forged_bitstring,-,0.000000,0.938889,0.023240,0.916667,0.972222,0.938889,0.023240,0.916667,0.972222,0.000000,0.000000,0.000000,0.000000,,,,,0.941746,0.022487,0.915079,0.972222,0.941746,0.022487,0.915079,0.972222,0.942069,0.022898,0.919312,0.974013,5,"0,1,2,3,4"
s3,wine,quantum_net,shot_bias,forged_bitstring,-,0.050000,0.938889,0.023240,0.916667,0.972222,0.933333,0.057601,0.861111,1.000000,0.555556,4.564355,-2.777778,5.555556,0.029947,0.042546,0.000000,0.090909,0.938254,0.055055,0.871429,1.000000,0.938254,0.055055,0.871429,1.000000,0.936496,0.054641,0.868170,1.000000,5,"0,1,2,3,4"
s3,wine,quantum_net,shot_bias,forged_bitstring,-,0.100000,0.938889,0.023240,0.916667,0.972222,0.866667,0.084254,0.777778,1.000000,7.222222,6.394925,-2.777778,13.888889,0.107665,0.069288,0.000000,0.181818,0.881905,0.075773,0.800000,1.000000,0.881905,0.075773,0.800000,1.000000,0.872040,0.081602,0.785975,1.000000,5,"0,1,2,3,4"
s3,wine,quantum_net,shot_bias,forged_bitstring,-,0.200000,0.938889,0.023240,0.916667,0.972222,0.622222,0.072435,0.527778,0.722222,31.666667,5.760123,25.000000,38.888889,0.367660,0.066341,0.285714,0.454545,0.655238,0.067813,0.566667,0.733333,0.655238,0.067813,0.566667,0.733333,0.598181,0.088877,0.479638,0.727019,5,"0,1,2,3,4"
s3,wine,quantum_net,shot_bias,forged_bitstring,-,0.300000,0.938889,0.023240,0.916667,0.972222,0.461111,0.082402,0.361111,0.555556,47.777778,8.193268,36.111111,55.555556,0.538508,0.087984,0.424242,0.636364,0.482857,0.099977,0.366667,0.600000,0.482857,0.099977,0.366667,0.600000,0.391633,0.115967,0.242424,0.501425,5,"0,1,2,3,4"
s3,wine,quantum_net,shot_bias,forged_bitstring,-,0.400000,0.938889,0.023240,0.916667,0.972222,0.344444,0.024845,0.333333,0.388889,59.444444,4.212709,52.777778,63.888889,0.662277,0.032139,0.606061,0.685714,0.346666,0.029814,0.333333,0.400000,0.346666,0.029814,0.333333,0.400000,0.198772,0.048984,0.166667,0.285024,5,"0,1,2,3,4"
